date,bissell_adjusted_kwh
2018-01-01,5.23039075406763
2018-01-02,4.3813490819630205
2018-01-03,3.3487357298763345
2018-01-04,2.0534231560030665
2018-01-05,6.968621949885312
2018-01-06,3.3202888295507864
2018-01-07,5.441210107048584
2018-01-08,2.0736742643513213
2018-01-09,0.3051070212080826
2018-01-10,3.043022991919699
2018-01-11,5.311368028042956
2018-01-12,17.53074526125508
2018-01-13,4.645147096510256
2018-01-14,3.1921510517031666
2018-01-15,4.608338795089035
2018-01-16,4.7841625410789
2018-01-17,4.720347593890614
2018-01-18,3.1874461521657107
2018-01-19,3.923389532137977
2018-01-20,1.758516154338462
2018-01-21,0.9935570484643922
2018-01-22,2.062102428842249
2018-01-23,5.1007775002285936
2018-01-24,4.148710939579551
2018-01-25,0.4266040931917881
2018-01-26,0.6995346367244955
2018-01-27,3.8886132655137726
2018-01-28,6.5367945845712905
2018-01-29,2.724189762526345
2018-01-30,8.41408622763999
2018-01-31,14.020007064956042
2018-02-01,9.94484325947169
2018-02-02,2.589872991156755
2018-02-03,11.791713004697447
2018-02-04,6.4754730252495465
2018-02-05,7.499509116959552
2018-02-06,7.059176600209513
2018-02-07,2.4486209190660198
2018-02-08,4.277715882606297
2018-02-09,8.157767166494589
2018-02-10,3.851802022759236
2018-02-11,7.882316059309033
2018-02-12,8.046426716438619
2018-02-13,1.0598639323667731
2018-02-14,5.51189759584046
2018-02-15,8.69213001950832
2018-02-16,5.652632988164458
2018-02-17,6.591595294052391
2018-02-18,6.451481230170756
2018-02-19,6.909535321960918
2018-02-20,5.851209937497811
2018-02-21,11.422646367427548
2018-02-22,18.17932566766416
2018-02-23,7.25689476118057
2018-02-24,17.844289225851618
2018-02-25,22.030068725531372
2018-02-26,27.98529169469531
2018-02-27,40.35121913638163
2018-02-28,70.24761610582286
2018-03-01,57.80968306420736
2018-03-02,26.39805706493542
2018-03-03,20.302621190442693
2018-03-04,90.11936266119588
2018-03-05,109.87685937080852
2018-03-06,128.83680056171465
2018-03-07,151.0780983442151
2018-03-08,128.7737838132211
2018-03-09,30.938654492577044
2018-03-10,114.43421260645584
2018-03-11,77.17218847725337
2018-03-12,143.90736210673765
2018-03-13,101.75130808894866
2018-03-14,13.494841602402769
2018-03-15,4.427098390362621
2018-03-16,7.943778653391187
2018-03-17,1.914256198647865
2018-03-18,5.2738495869181765
2018-03-19,11.560299439236447
2018-03-20,22.200056241490632
2018-03-21,21.21870456589326
2018-03-22,6.592521442406526
2018-03-23,33.58809759997623
2018-03-24,84.8097604129563
2018-03-25,67.2952791089176
2018-03-26,137.15049016133622
2018-03-27,46.379950743489836
2018-03-28,112.5581829594369
2018-03-29,133.8342804828405
2018-03-30,136.68846400646706
2018-03-31,168.7605952928047
2018-04-01,191.25284454570215
2018-04-02,190.3196602048632
2018-04-03,179.42032559859084
2018-04-04,108.41407680049102
2018-04-05,163.2251936309296
2018-04-06,138.7118044788587
2018-04-07,103.65205009276808
2018-04-08,93.95029163204543
2018-04-09,107.16907074225712
2018-04-10,87.40944923333011
2018-04-11,38.57854940947008
2018-04-12,28.086979487189357
2018-04-13,113.47499485350711
2018-04-14,124.29006706369422
2018-04-15,46.83891888978522
2018-04-16,10.23780712683707
2018-04-17,69.42838193605294
2018-04-18,139.7531414257875
2018-04-19,156.95269973449112
2018-04-20,128.7508042673431
2018-04-21,12.53285673588982
2018-04-22,104.8195610065681
2018-04-23,208.265929698706
2018-04-24,154.09535481641873
2018-04-25,180.88590427995217
2018-04-26,206.1783512172664
2018-04-27,213.42041853539772
2018-04-28,198.49343672251783
2018-04-29,51.74406504838531
2018-04-30,175.13770446850634
2018-05-01,123.04660455903344
2018-05-02,121.42201748440722
2018-05-03,149.63050273120177
2018-05-04,162.499158300999
2018-05-05,197.3853869057224
2018-05-06,186.43041803064466
2018-05-07,188.38879738831616
2018-05-08,175.33990156155755
2018-05-09,129.2788591413696
2018-05-10,19.72888806568714
2018-05-11,181.78252065688295
2018-05-12,197.56047121428406
2018-05-13,204.73794575989623
2018-05-14,179.77860755158306
2018-05-15,193.5241038981224
2018-05-16,169.49360489396224
2018-05-17,63.13536062710807
2018-05-18,143.84627666780344
2018-05-19,221.90704140905208
2018-05-20,206.26589103127776
2018-05-21,174.46211145954342
2018-05-22,174.95772769422018
2018-05-23,186.38343021431783
2018-05-24,109.43363490141945
2018-05-25,186.35351413402657
2018-05-26,199.85808204522402
2018-05-27,176.1935645873132
2018-05-28,180.50569236791003
2018-05-29,119.77136638635923
2018-05-30,8.073316320492124
2018-05-31,42.314940615504696
2018-06-01,22.127702142998274
2018-06-02,164.53181636462423
2018-06-03,165.93693727157387
2018-06-04,155.60468909213685
2018-06-05,155.52478139002153
2018-06-06,167.01198184854914
2018-06-07,177.0034307184612
2018-06-08,162.96096084722095
2018-06-09,84.25182087944948
2018-06-10,5.902578063899406
2018-06-11,21.202533772552542
2018-06-12,117.41489604141688
2018-06-13,144.06338364218175
2018-06-14,155.40993286151382
2018-06-15,130.792482997385
2018-06-16,155.07621143621554
2018-06-17,197.668302552996
2018-06-18,200.72803728951249
2018-06-19,193.0739241573574
2018-06-20,176.15161022612517
2018-06-21,154.33014007587352
2018-06-22,123.57123704323604
2018-06-23,80.27535486127624
2018-06-24,161.98158496666645
2018-06-25,139.41345814028392
2018-06-26,89.07496863914166
2018-06-27,153.14785784534962
2018-06-28,144.07772280349002
2018-06-29,148.34966465342862
2018-06-30,101.54228122292947
2018-07-01,184.0468586557
2018-07-02,60.77316144611791
2018-07-03,77.34466466587045
2018-07-04,103.73161409081915
2018-07-05,172.92673373516885
2018-07-06,176.4586777973999
2018-07-07,122.90542463951638
2018-07-08,127.02974984628455
2018-07-09,174.35880036721758
2018-07-10,39.366041859727915
2018-07-11,170.42213313723678
2018-07-12,151.90625508401794
2018-07-13,62.3457301896893
2018-07-14,69.8682011848056
2018-07-15,175.47216572616486
2018-07-16,177.22089972725624
2018-07-17,177.75769402540752
2018-07-18,94.95769655676587
2018-07-19,138.68653139157442
2018-07-20,110.53652045196168
2018-07-21,125.08453530688732
2018-07-22,124.00842784343484
2018-07-23,78.4716050202227
2018-07-24,97.65092113386292
2018-07-25,110.77005646797052
2018-07-26,149.42178000541665
2018-07-27,159.22341346391926
2018-07-28,155.68193280469922
2018-07-29,164.88798079129148
2018-07-30,160.61267901380913
2018-07-31,117.2860277675991
2018-08-01,153.8061504357667
2018-08-02,146.02409205862605
2018-08-03,42.4983953417577
2018-08-04,29.82677877350308
2018-08-05,151.30054373121024
2018-08-06,166.78306074987475
2018-08-07,157.7151045194634
2018-08-08,173.22068805374175
2018-08-09,169.9144042882037
2018-08-10,172.6862535906889
2018-08-11,82.76217278698225
2018-08-12,4.819579108911438
2018-08-13,145.46804825896396
2018-08-14,150.69892786032355
2018-08-15,128.2772381559166
2018-08-16,137.76707961707265
2018-08-17,159.19826739660218
2018-08-18,176.29583636501866
2018-08-19,148.09920751101993
2018-08-20,168.32947780698595
2018-08-21,172.80737458144208
2018-08-22,173.16582571534195
2018-08-23,135.97203479975911
2018-08-24,16.293032438551535
2018-08-25,138.90673767900532
2018-08-26,73.53206239800669
2018-08-27,51.252737894076446
2018-08-28,124.45907918335236
2018-08-29,36.93929784587773
2018-08-30,98.13079728617299
2018-08-31,119.34353258007656
2018-09-01,104.6722119927253
2018-09-02,139.74938103100772
2018-09-03,52.86463185483345
2018-09-04,54.729064019607115
2018-09-05,162.25759446521198
2018-09-06,150.97768314468868
2018-09-07,171.74943154997672
2018-09-08,27.13755596341852
2018-09-09,21.1794273156946
2018-09-10,4.075686353907024
2018-09-11,41.622587492244946
2018-09-12,7.106221274508625
2018-09-13,15.681778252950986
2018-09-14,31.297435014008578
2018-09-15,2.763269689559877
2018-09-16,4.3415449068054315
2018-09-17,13.949022304920188
2018-09-18,84.53248924490146
2018-09-19,144.42661599239378
2018-09-20,79.76125492523263
2018-09-21,11.610826884730404
2018-09-22,8.448877050706274
2018-09-23,103.43723655853
2018-09-24,45.26439031263385
2018-09-25,145.7092284173338
2018-09-26,9.767943881603248
2018-09-27,90.93730663496153
2018-09-28,32.84450316820105
2018-09-29,58.340670881275635
2018-09-30,75.49486785483272
2018-10-01,33.468531105963535
2018-10-02,56.31893870441642
2018-10-03,129.6357395984749
2018-10-04,117.07244486255692
2018-10-05,117.33995616547412
2018-10-06,65.37504507158059
2018-10-07,39.53435021398427
2018-10-08,11.223890286933955
2018-10-09,22.30420086031305
2018-10-10,15.786695999301225
2018-10-11,89.2775535769813
2018-10-12,3.131918607024919
2018-10-13,39.951970276304614
2018-10-14,92.23077198326645
2018-10-15,67.66803023609822
2018-10-16,139.35085938105541
2018-10-17,136.81748200583877
2018-10-18,71.36340815242464
2018-10-19,135.9416936486228
2018-10-20,128.57612694192804
2018-10-21,147.44351103740053
2018-10-22,144.31598092454325
2018-10-23,141.4558844086778
2018-10-24,104.27056699781471
2018-10-25,117.27479149157752
2018-10-26,97.47990897705661
2018-10-27,118.94277970608024
2018-10-28,9.329139377967856
2018-10-29,46.064355205130205
2018-10-30,35.537752951896856
2018-10-31,32.99388819744431
2018-11-01,25.403157136430963
2018-11-02,3.099650268208528
2018-11-03,62.431025256040776
2018-11-04,3.3197409856247537
2018-11-05,21.585826980556167
2018-11-06,12.80457482874957
2018-11-07,65.75573887884991
2018-11-08,32.721321475343544
2018-11-09,6.236826713016094
2018-11-10,45.939274312821205
2018-11-11,45.82109414160529
2018-11-12,39.706152202082215
2018-11-13,84.97457769418736
2018-11-14,70.12936724432265
2018-11-15,7.715879999482305
2018-11-16,38.21707148345093
2018-11-17,53.621946011994716
2018-11-18,8.866773967948655
2018-11-19,32.87194288622642
2018-11-20,34.156461852295244
2018-11-21,26.80288654676673
2018-11-22,15.705405439980705
2018-11-23,4.048277584849735
2018-11-24,7.010220044837658
2018-11-25,38.605836520008886
2018-11-26,9.788846914185497
2018-11-27,3.824331629465672
2018-11-28,67.81702937159184
2018-11-29,70.20318456212979
2018-11-30,59.292162786326955
2018-12-01,4.773959385554108
2018-12-02,4.72120849847526
2018-12-03,44.51970202487191
2018-12-04,53.20795949092716
2018-12-05,30.48127360049536
2018-12-06,96.20920773993429
2018-12-07,40.59433888780336
2018-12-08,93.99359574189664
2018-12-09,88.5182766151225
2018-12-10,9.261745779578165
2018-12-11,33.21302532075774
2018-12-12,56.055673101722014
2018-12-13,42.56211596487756
2018-12-14,18.14988355342495
2018-12-15,68.83678277324871
2018-12-16,34.542607212678575
2018-12-17,47.85543404064331
2018-12-18,70.55397314465502
2018-12-19,41.77632136283715
2018-12-20,5.2253391150417245
2018-12-21,32.10743749937741
2018-12-22,76.2928817013777
2018-12-23,23.78633623923963
2018-12-24,7.738605262798418
2018-12-25,15.242593621168037
2018-12-26,10.01824929510864
2018-12-27,10.330456647298416
2018-12-28,15.766625241051704
2018-12-29,1.822706123846495
2018-12-30,15.246441584403284
2018-12-31,55.177593388191674
2019-01-01,27.9043322309187
2019-01-02,36.51019754386408
2019-01-03,5.314034213415347
2019-01-04,2.160721458573731
2019-01-05,5.525612744116363
2019-01-06,3.8124106957245134
2019-01-07,36.34169394840736
2019-01-08,80.56487334394019
2019-01-09,24.78948654508023
2019-01-10,3.657880225844017
2019-01-11,43.621048195294364
2019-01-12,58.265820218487725
2019-01-13,45.97322830311899
2019-01-14,63.35694045187456
2019-01-15,9.287074450347927
2019-01-16,5.068582934480927
2019-01-17,29.78531720389669
2019-01-18,29.44772874218125
2019-01-19,9.065792154238416
2019-01-20,46.35651191342758
2019-01-21,4.064925591494741
2019-01-22,7.436849430276542
2019-01-23,6.366229351065201
2019-01-24,4.70339266900994
2019-01-25,6.007632517796635
2019-01-26,5.3194076222963504
2019-01-27,4.616779908902785
2019-01-28,6.911402891145245
2019-01-29,12.980005140100156
2019-01-30,0.4318981361200526
2019-01-31,1.083378096912023
2019-02-01,0.9740116976222865
2019-02-02,4.787225868744208
2019-02-03,2.299933009248332
2019-02-04,3.6916642602620735
2019-02-05,6.195661975244336
2019-02-06,16.4228239307305
2019-02-07,14.31971150658984
2019-02-08,15.578568294960895
2019-02-09,20.72407499125844
2019-02-10,19.635041652467525
2019-02-11,8.504809356747781
2019-02-12,23.276372607287527
2019-02-13,8.181855303326047
2019-02-14,8.458460181333388
2019-02-15,3.2704980079015415
2019-02-16,2.140405982509581
2019-02-17,3.9961401388843023
2019-02-18,8.573124149751154
2019-02-19,4.386572622477629
2019-02-20,2.402212474244745
2019-02-21,8.302246723082247
2019-02-22,3.066601207298998
2019-02-23,5.964978479993429
2019-02-24,8.392545745046187
2019-02-25,9.41392357207337
2019-02-26,9.888085191292836
2019-02-27,8.567383674446418
2019-02-28,5.431208041699783
2019-03-01,9.166618372086369
2019-03-02,10.07786655714152
2019-03-03,10.150679814550898
2019-03-04,9.945582399769291
2019-03-05,9.732086655068988
2019-03-06,6.56432512748529
2019-03-07,6.970742657430072
2019-03-08,2.4755271564388828
2019-03-09,9.245650160882697
2019-03-10,9.840402332011625
2019-03-11,7.720695010068249
2019-03-12,8.745320842291347
2019-03-13,9.532782226684853
2019-03-14,9.669404064321359
2019-03-15,11.388623498987913
2019-03-16,35.85537683808831
2019-03-17,37.543828624599854
2019-03-18,41.60922889231003
2019-03-19,42.08215428019163
2019-03-20,49.04953751500649
2019-03-21,78.0148903662878
2019-03-22,102.72835417023
2019-03-23,104.5934243983428
2019-03-24,30.41203363281799
2019-03-25,28.57362534722365
2019-03-26,36.015242590566935
2019-03-27,80.85189964561081
2019-03-28,83.78535717266949
2019-03-29,84.2252538418305
2019-03-30,94.32248380709082
2019-03-31,45.66862205597479
2019-04-01,52.18842199104568
2019-04-02,60.34687911700352
2019-04-03,72.72654757853219
2019-04-04,27.851724111660463
2019-04-05,51.84826118060792
2019-04-06,8.770333176902778
2019-04-07,89.46306572034104
2019-04-08,97.04624342282824
2019-04-09,74.46666916487449
2019-04-10,31.414024552565984
2019-04-11,33.9454042705762
2019-04-12,48.10303363419425
2019-04-13,70.66076577679114
2019-04-14,40.59468234383453
2019-04-15,43.39306195500613
2019-04-16,86.67736025837308
2019-04-17,99.17258695196176
2019-04-18,55.374713355819324
2019-04-19,65.87791031688434
2019-04-20,125.96862073301124
2019-04-21,116.10984133661421
2019-04-22,82.11043434785223
2019-04-23,166.47165859045472
2019-04-24,79.65815704477009
2019-04-25,133.59185100614462
2019-04-26,125.45549654665348
2019-04-27,35.630111568982976
2019-04-28,109.40682231803747
2019-04-29,121.92127078646604
2019-04-30,88.84170648181386
2019-05-01,108.85358052206416
2019-05-02,130.2233153983369
2019-05-03,47.91878835813582
2019-05-04,148.95763076872709
2019-05-05,128.5639095799218
2019-05-06,110.56950511929641
2019-05-07,64.78038471577196
2019-05-08,149.53150168985718
2019-05-09,119.78195649479387
2019-05-10,157.70374336758013
2019-05-11,192.52955221973122
2019-05-12,206.78852130585668
2019-05-13,182.39530105298476
2019-05-14,70.5936089060778
2019-05-15,13.360220482576821
2019-05-16,103.31530156621683
2019-05-17,199.6792707540161
2019-05-18,148.48854188578017
2019-05-19,228.2520634011941
2019-05-20,180.97812243492623
2019-05-21,137.46292391506014
2019-05-22,124.55690000734174
2019-05-23,46.21354056199621
2019-05-24,58.64057351307692
2019-05-25,147.67311209263806
2019-05-26,189.00723044685998
2019-05-27,195.48345209475985
2019-05-28,199.37472120665518
2019-05-29,196.11968481340816
2019-05-30,116.13522495960723
2019-05-31,161.58380588910794
2019-06-01,158.2697412745722
2019-06-02,84.04723632625274
2019-06-03,116.15643338984096
2019-06-04,106.73286200407871
2019-06-05,118.37470555765469
2019-06-06,39.34901275464077
2019-06-07,3.8271019387884397
2019-06-08,129.19691274020423
2019-06-09,135.09038634492939
2019-06-10,107.99235787795772
2019-06-11,143.70505267015676
2019-06-12,172.53832885729364
2019-06-13,120.17602964671823
2019-06-14,109.14091470164648
2019-06-15,139.82125667327145
2019-06-16,152.92364661755317
2019-06-17,191.30995284566742
2019-06-18,99.17159238032805
2019-06-19,5.166419126022657
2019-06-20,24.82004824111081
2019-06-21,91.09171566341944
2019-06-22,106.41898924080108
2019-06-23,136.9333176649067
2019-06-24,43.13432494231265
2019-06-25,64.5294050262772
2019-06-26,118.74839805153692
2019-06-27,57.4371091474856
2019-06-28,125.47028474343225
2019-06-29,129.42261943301395
2019-06-30,165.57722215378675
2019-07-01,34.273881323368265
2019-07-02,102.09916579795373
2019-07-03,97.14002000908964
2019-07-04,106.14434135596753
2019-07-05,81.79752892446696
2019-07-06,29.473495154785763
2019-07-07,57.929793977349526
2019-07-08,74.66569438959301
2019-07-09,37.67340774477905
2019-07-10,41.45298045978437
2019-07-11,88.23610761296601
2019-07-12,182.1734792865588
2019-07-13,146.6647480805273
2019-07-14,126.99566687854421
2019-07-15,139.61940582189922
2019-07-16,102.34054699413636
2019-07-17,165.02209714503613
2019-07-18,37.22308393824504
2019-07-19,39.27268080920654
2019-07-20,108.75320096690598
2019-07-21,178.69860842179537
2019-07-22,195.4048861139189
2019-07-23,172.41131185196468
2019-07-24,76.34818192360109
2019-07-25,75.02587602940436
2019-07-26,176.9557494062133
2019-07-27,50.74673579080553
2019-07-28,113.6880958623616
2019-07-29,121.17140952020534
2019-07-30,78.23813406065275
2019-07-31,101.18325791018627
2019-08-01,85.9847083157351
2019-08-02,115.41743761602748
2019-08-03,138.11476107249828
2019-08-04,151.95189810391952
2019-08-05,129.0810424986334
2019-08-06,62.72212074380487
2019-08-07,112.31339386902151
2019-08-08,135.49223387920821
2019-08-09,30.326655828408132
2019-08-10,29.27908309251168
2019-08-11,10.261358347575149
2019-08-12,15.294163295632218
2019-08-13,85.39073920507636
2019-08-14,185.2679171780463
2019-08-15,132.33609461020998
2019-08-16,59.861846745937996
2019-08-17,93.12361419685152
2019-08-18,56.47289164390621
2019-08-19,35.20141703667975
2019-08-20,180.40127712256256
2019-08-21,166.63108201091862
2019-08-22,87.43204154617581
2019-08-23,41.80129166564417
2019-08-24,112.10383064089427
2019-08-25,160.53660992697024
2019-08-26,130.29185383839447
2019-08-27,108.61300879881469
2019-08-28,173.02138535835684
2019-08-29,98.03327511226668
2019-08-30,15.002393080374127
2019-08-31,21.650434821201742
2019-09-01,28.596485114589363
2019-09-02,126.238641451173
2019-09-03,173.95464187674224
2019-09-04,134.17013092547958
2019-09-05,155.36055936234888
2019-09-06,39.387108500246896
2019-09-07,101.80701873570042
2019-09-08,3.3640056520179287
2019-09-09,8.368533928048668
2019-09-10,6.13370069330661
2019-09-11,29.109481780976854
2019-09-12,177.29547130791912
2019-09-13,82.48843684087065
2019-09-14,83.49179702977976
2019-09-15,139.56377508892376
2019-09-16,67.41475840027553
2019-09-17,81.10196892639152
2019-09-18,116.79096127196948
2019-09-19,139.19164399825235
2019-09-20,116.35663865660833
2019-09-21,92.2249413714889
2019-09-22,156.7475248920102
2019-09-23,100.59033422296363
2019-09-24,120.0953247023635
2019-09-25,101.4119979490581
2019-09-26,16.935887551798565
2019-09-27,26.559421073786375
2019-09-28,57.38654386089798
2019-09-29,33.34024452424302
2019-09-30,36.28322705411358
2019-10-01,162.24596614946702
2019-10-02,112.53725982451506
2019-10-03,174.51943414078335
2019-10-04,31.843741560113266
2019-10-05,55.72252741008317
2019-10-06,144.63871502778386
2019-10-07,70.38385831814479
2019-10-08,51.539600337297806
2019-10-09,76.03119481961751
2019-10-10,157.0376846125979
2019-10-11,150.74411328850533
2019-10-12,120.21651552077336
2019-10-13,15.598225209208406
2019-10-14,11.144798270587252
2019-10-15,11.396354219247536
2019-10-16,131.99338566525066
2019-10-17,64.15982365725883
2019-10-18,85.10618296767257
2019-10-19,141.89978497183796
2019-10-20,60.22521473724833
2019-10-21,49.9418338302924
2019-10-22,39.65656079482477
2019-10-23,71.90325906539336
2019-10-24,47.899753259981836
2019-10-25,17.45501906126372
2019-10-26,59.94214352527154
2019-10-27,31.00462257594702
2019-10-28,28.728149121001685
2019-10-29,129.96126185347168
2019-10-30,33.37517280322865
2019-10-31,29.52461715783968
2019-11-01,61.35032719119512
2019-11-02,29.525811936600107
2019-11-03,34.375321748244566
2019-11-04,11.407118325880116
2019-11-05,33.59621854928632
2019-11-06,96.42555261028645
2019-11-07,29.65384527502431
2019-11-08,8.82564474106072
2019-11-09,6.643364373595508
2019-11-10,53.49705424433757
2019-11-11,58.11295403433499
2019-11-12,2.451188467826756
2019-11-13,33.073276657542
2019-11-14,2.6188736126399976
2019-11-15,4.816839522669824
2019-11-16,25.9459236758476
2019-11-17,47.12138266293309
2019-11-18,46.29519320321948
2019-11-19,7.1096151935711625
2019-11-20,22.069279999885897
2019-11-21,34.43894997044175
2019-11-22,65.3003685386197
2019-11-23,89.67516963420354
2019-11-24,21.434932428314337
2019-11-25,56.2958337035625
2019-11-26,14.30852913034332
2019-11-27,35.71818470231303
2019-11-28,65.3815563785739
2019-11-29,14.331055285376829
2019-11-30,58.91394056553275
2019-12-01,85.48009552824217
2019-12-02,60.49559937420479
2019-12-03,35.46141028658198
2019-12-04,2.7742679926656444
2019-12-05,36.939705506943724
2019-12-06,23.613139464313242
2019-12-07,7.052795174772948
2019-12-08,35.831080443167295
2019-12-09,31.165753182027494
2019-12-10,11.41787888575153
2019-12-11,9.794073274842276
2019-12-12,8.571042834483455
2019-12-13,14.06854710179159
2019-12-14,52.82520279634119
2019-12-15,33.96182112252062
2019-12-16,38.92552192659878
2019-12-17,26.380415367550707
2019-12-18,23.954098898718335
2019-12-19,5.175994552289858
2019-12-20,12.43796615579
2019-12-21,2.193790260027764
2019-12-22,47.52245154156969
2019-12-23,11.744664480599498
2019-12-24,6.530105300752715
2019-12-25,77.32611169304894
2019-12-26,72.31307440910997
2019-12-27,57.45240099464197
2019-12-28,69.11736829003411
2019-12-29,54.39588953783024
2019-12-30,59.78496616959457
2019-12-31,7.909474830726459
2020-01-01,8.067936356473957
2020-01-02,5.109728206040295
2020-01-03,2.8509108592356536
2020-01-04,4.757301302997147
2020-01-05,27.70004274923682
2020-01-06,27.759785572996186
2020-01-07,6.035500644742868
2020-01-08,5.892027074803567
2020-01-09,12.583266657904733
2020-01-10,11.53959740937906
2020-01-11,12.742459367934561
2020-01-12,41.65805260892035
2020-01-13,17.98289017944795
2020-01-14,48.553108054795985
2020-01-15,46.27696876350727
2020-01-16,5.958053226398056
2020-01-17,23.31739590276232
2020-01-18,22.88993969048255
2020-01-19,5.669493691141174
2020-01-20,2.4328254013709065
2020-01-21,6.12324573954842
2020-01-22,0.8046403168790331
2020-01-23,3.839055750001093
2020-01-24,3.2383054151990938
2020-01-25,10.214509421456029
2020-01-26,4.724226335859036
2020-01-27,4.881527611885552
2020-01-28,7.890896538945629
2020-01-29,4.935151313269381
2020-01-30,14.585429596419827
2020-01-31,8.750525525980992
2020-02-01,0.9118557001723956
2020-02-02,14.973295007752771
2020-02-03,13.976915366828477
2020-02-04,10.912641208581327
2020-02-05,12.489431187625042
2020-02-06,10.119815237981303
2020-02-07,6.326878577690847
2020-02-08,5.30718798603103
2020-02-09,2.729442840656611
2020-02-10,7.0607800687954265
2020-02-11,0.9429323951610483
2020-02-12,5.486338932896171
2020-02-13,1.298383649804596
2020-02-14,4.9288912287028195
2020-02-15,3.0672516582749116
2020-02-16,3.5418672766964843
2020-02-17,5.4909311765213
2020-02-18,8.339225245599003
2020-02-19,7.476656110749679
2020-02-20,7.242749926244689
2020-02-21,5.967500807501386
2020-02-22,6.033405371740446
2020-02-23,7.64042926343742
2020-02-24,8.264709102992331
2020-02-25,7.617512895024206
2020-02-26,5.230383143218873
2020-02-27,8.263211277321341
2020-02-28,4.747231635968994
2020-02-29,0.874917081428363
2020-03-01,7.396215944257824
2020-03-02,8.445503086601226
2020-03-03,8.717885115723021
2020-03-04,6.844169786570974
2020-03-05,5.7968408320781615
2020-03-06,5.666401724067173
2020-03-07,2.8137403970247017
2020-03-08,10.972898782870978
2020-03-09,24.22697930097429
2020-03-10,33.81066434311302
2020-03-11,79.17569317057558
2020-03-12,58.005958552548854
2020-03-13,109.36209576101643
2020-03-14,64.32644522125015
2020-03-15,139.99324678652806
2020-03-16,148.8524238456557
2020-03-17,63.928344686717004
2020-03-18,111.76849373116517
2020-03-19,115.15389229765765
2020-03-20,153.51954555224495
2020-03-21,156.48788740715673
2020-03-22,131.68340940539727
2020-03-23,82.31222826508807
2020-03-24,32.334318863718096
2020-03-25,134.5263471452393
2020-03-26,82.29342483913216
2020-03-27,130.6495068586952
2020-03-28,79.63100522658985
2020-03-29,61.74078422817357
2020-03-30,65.28167245635183
2020-03-31,142.77148413262773
2020-04-01,169.59177411832655
2020-04-02,223.1361189316696
2020-04-03,179.27948017206236
2020-04-04,195.93415231430583
2020-04-05,93.84562120670728
2020-04-06,208.07873600321258
2020-04-07,213.64256236626954
2020-04-08,221.42731950211535
2020-04-09,88.38043430754648
2020-04-10,208.73914988839942
2020-04-11,180.84214156325498
2020-04-12,197.36022185142096
2020-04-13,205.96563267286749
2020-04-14,96.38217929550609
2020-04-15,164.85046973501693
2020-04-16,195.73378563728568
2020-04-17,81.52713198557782
2020-04-18,154.7424214679197
2020-04-19,163.1471691776324
2020-04-20,185.73811298103712
2020-04-21,214.5365700692464
2020-04-22,126.42048101332195
2020-04-23,183.3395994988748
2020-04-24,173.26683040197074
2020-04-25,150.53219656761092
2020-04-26,160.88650445718773
2020-04-27,96.2909608636934
2020-04-28,195.60534113296848
2020-04-29,175.41477734826697
2020-04-30,69.46031593631561
2020-05-01,165.10670571199586
2020-05-02,210.02649181261816
2020-05-03,102.42562059488776
2020-05-04,22.935560257501947
2020-05-05,161.94664714310326
2020-05-06,189.2620554079441
2020-05-07,118.86252760616256
2020-05-08,119.68388648544914
2020-05-09,131.82504255086926
2020-05-10,100.17557807443175
2020-05-11,106.86656816055556
2020-05-12,146.57846989666254
2020-05-13,198.3627458166977
2020-05-14,153.61810041491032
2020-05-15,156.69107542094957
2020-05-16,174.39853296176366
2020-05-17,148.37596201457507
2020-05-18,105.94003715693499
2020-05-19,62.80334521769518
2020-05-20,95.52743532017674
2020-05-21,3.11385192882039
2020-05-22,20.81727725016553
2020-05-23,62.55378962037711
2020-05-24,186.4525797526459
2020-05-25,98.76912729300159
2020-05-26,77.39629268522297
2020-05-27,136.38508046907086
2020-05-28,170.37608421451782
2020-05-29,89.10330721795506
2020-05-30,164.114177356963
2020-05-31,99.03850964060965
2020-06-01,162.45510578615804
2020-06-02,181.98312602244374
2020-06-03,121.22304611719831
2020-06-04,130.35546845913885
2020-06-05,172.21364319589026
2020-06-06,9.040640034716484
2020-06-07,6.146101096983112
2020-06-08,100.3075060256586
2020-06-09,165.19619110375663
2020-06-10,166.77068816747737
2020-06-11,151.68496660026085
2020-06-12,151.00775369318555
2020-06-13,58.970614453994564
2020-06-14,53.96549547600508
2020-06-15,67.11984898316179
2020-06-16,143.3989193535216
2020-06-17,13.06302622765336
2020-06-18,107.35810300980994
2020-06-19,189.1034018228489
2020-06-20,202.46529226223305
2020-06-21,71.57979211007118
2020-06-22,146.74107789750016
2020-06-23,133.4586857518459
2020-06-24,72.81032997669357
2020-06-25,175.58452335446745
2020-06-26,48.87299643075106
2020-06-27,77.05591511942393
2020-06-28,58.52464689842409
2020-06-29,69.26552339385287
2020-06-30,13.120957266338952
2020-07-01,31.625665017632933
2020-07-02,84.36896834516935
2020-07-03,176.78953315550095
2020-07-04,116.60331274375676
2020-07-05,110.44919499383788
2020-07-06,167.50275122022956
2020-07-07,47.333998202372086
2020-07-08,23.065683675576164
2020-07-09,137.58893575579813
2020-07-10,175.8165622616963
2020-07-11,175.20026404197583
2020-07-12,134.756004841532
2020-07-13,127.61761364740812
2020-07-14,149.86283305873394
2020-07-15,111.2528217801338
2020-07-16,101.40507478405088
2020-07-17,161.78948161119573
2020-07-18,107.45352128274811
2020-07-19,85.73632515177867
2020-07-20,159.267172875481
2020-07-21,84.05235213750325
2020-07-22,110.13464526058812
2020-07-23,46.11904929475358
2020-07-24,69.0536126290876
2020-07-25,130.37551236207466
2020-07-26,181.30240704274118
2020-07-27,187.81359666484104
2020-07-28,178.90249302266497
2020-07-29,164.8133297978468
2020-07-30,131.52014397345465
2020-07-31,161.64079178868622
2020-08-01,175.54959071409408
2020-08-02,180.37355270286383
2020-08-03,68.84599169852675
2020-08-04,182.55080510149446
2020-08-05,184.8137451125719
2020-08-06,152.8834384278831
2020-08-07,6.706094457129232
2020-08-08,110.50209436862477
2020-08-09,179.4512962849461
2020-08-10,196.70119414087546
2020-08-11,128.00912853271953
2020-08-12,141.1279300192667
2020-08-13,142.09847586051032
2020-08-14,143.85566983990051
2020-08-15,74.30999225674981
2020-08-16,183.4479684513696
2020-08-17,132.6527731910741
2020-08-18,171.5492449938095
2020-08-19,157.22307276033828
2020-08-20,72.50129527644002
2020-08-21,126.73872511497119
2020-08-22,70.60977529043298
2020-08-23,176.7338175952518
2020-08-24,95.61531340958354
2020-08-25,151.80734927713033
2020-08-26,158.01280475711314
2020-08-27,149.38583878034402
2020-08-28,146.5163429494131
2020-08-29,92.4945842744978
2020-08-30,182.3420983231552
2020-08-31,96.0424683507798
2020-09-01,141.6115078065968
2020-09-02,132.89283373233152
2020-09-03,98.5995608027104
2020-09-04,95.14455756255418
2020-09-05,89.25861455566015
2020-09-06,60.081385142864455
2020-09-07,89.53529220416793
2020-09-08,95.66309391467911
2020-09-09,133.9386338053526
2020-09-10,160.0024348466565
2020-09-11,138.11411640416605
2020-09-12,23.69415197244142
2020-09-13,34.786500408138004
2020-09-14,26.081418730163666
2020-09-15,10.267390579670263
2020-09-16,146.73161486956568
2020-09-17,158.44570562043884
2020-09-18,159.202818816559
2020-09-19,49.97838922782225
2020-09-20,137.10124621253422
2020-09-21,127.6725707590784
2020-09-22,134.550656395016
2020-09-23,113.81297181463844
2020-09-24,134.50883059430421
2020-09-25,145.2530797003192
2020-09-26,143.03973172588738
2020-09-27,85.48742509846369
2020-09-28,76.05699482340793
2020-09-29,127.54526948211637
2020-09-30,166.25896300666358
2020-10-01,88.53798654489803
2020-10-02,160.62405633987652
2020-10-03,152.22828174705612
2020-10-04,6.997902411937608
2020-10-05,32.944544346758605
2020-10-06,121.46872033212253
2020-10-07,72.57320642498554
2020-10-08,44.144508303420075
2020-10-09,23.985171704864094
2020-10-10,45.047735079686795
2020-10-11,63.85980778075181
2020-10-12,128.93337761970585
2020-10-13,51.766124808368815
2020-10-14,71.58751904702036
2020-10-15,80.33595247920944
2020-10-16,10.703946769594118
2020-10-17,40.851678528772624
2020-10-18,32.33990620733475
2020-10-19,47.01253787522591
2020-10-20,77.47600140982456
2020-10-21,64.16902948441266
2020-10-22,42.35997322459302
2020-10-23,50.19298363364969
2020-10-24,42.0432419241821
2020-10-25,106.65235882577048
2020-10-26,53.72929419844832
2020-10-27,10.021513148462523
2020-10-28,114.31140145826564
2020-10-29,74.81017733182219
2020-10-30,6.139816717762459
2020-10-31,63.838918082471764
2020-11-01,99.61629503867745
2020-11-02,54.27446578687532
2020-11-03,28.054488079314943
2020-11-04,75.21207938620644
2020-11-05,19.547503887235862
2020-11-06,28.230795414718074
2020-11-07,1.7182209871764709
2020-11-08,49.611235673425284
2020-11-09,21.237618439523025
2020-11-10,3.2764549195880828
2020-11-11,100.39322581361124
2020-11-12,79.63016252094424
2020-11-13,50.160586485669896
2020-11-14,30.91355563134386
2020-11-15,17.669186189178937
2020-11-16,21.58951272244454
2020-11-17,6.715874863637634
2020-11-18,15.234620162720384
2020-11-19,21.68060530495724
2020-11-20,90.47415201854336
2020-11-21,75.08624761572578
2020-11-22,22.60974061091254
2020-11-23,24.66406484388281
2020-11-24,24.74080166593215
2020-11-25,82.51962800891008
2020-11-26,24.273773554143386
2020-11-27,53.39053503421464
2020-11-28,87.8767032396759
2020-11-29,40.92252525512479
2020-11-30,66.39621366691722
2020-12-01,91.91394916828156
2020-12-02,58.14429763670792
2020-12-03,85.35332901799194
2020-12-04,83.81261735895879
2020-12-05,45.543845535231256
2020-12-06,84.33098948646862
2020-12-07,24.4281151638438
2020-12-08,49.557248851615796
2020-12-09,87.70461381568222
2020-12-10,48.68223926358627
2020-12-11,8.212514335228443
2020-12-12,52.260856392589936
2020-12-13,68.57292683417405
2020-12-14,11.89150321424184
2020-12-15,13.941770539426345
2020-12-16,48.91288974311819
2020-12-17,5.099638253704167
2020-12-18,38.40475592412436
2020-12-19,60.06626171344837
2020-12-20,24.64304554708592
2020-12-21,9.12737760923311
2020-12-22,5.029186149247767
2020-12-23,18.10641238513276
2020-12-24,23.576787835374823
2020-12-25,32.23322281843453
2020-12-26,8.338003596015891
2020-12-27,7.042321372334767
2020-12-28,33.696275861515346
2020-12-29,87.90132058280982
2020-12-30,84.07016810357926
2020-12-31,22.7317780074894
2021-01-01,14.590384161082273
2021-01-02,16.571135590512217
2021-01-03,10.112195227736674
2021-01-04,14.604199561968437
2021-01-05,20.71634644184679
2021-01-06,6.523474756242888
2021-01-07,20.30754982475294
2021-01-08,18.377118779570093
2021-01-09,20.49438655175088
2021-01-10,13.751479686017996
2021-01-11,16.181199952025796
2021-01-12,2.360594063802912
2021-01-13,0.48480953414254824
2021-01-14,14.834573609999888
2021-01-15,13.414035522958116
2021-01-16,9.08418527899286
2021-01-17,1.1959393746142357
2021-01-18,3.123746893527586
2021-01-19,1.4358791574750775
2021-01-20,3.5664092167891543
2021-01-21,1.8463825821712032
2021-01-22,3.376448403906745
2021-01-23,3.7017413299794257
2021-01-24,3.029562375712316
2021-01-25,1.3637852392250431
2021-01-26,2.24664789759676
2021-01-27,0.651911221370147
2021-01-28,3.382243139665304
2021-01-29,5.7880927420102655
2021-01-30,1.996975001779691
2021-01-31,4.94927835333767
2021-02-01,1.5131685909962762
2021-02-02,1.0016294642065457
2021-02-03,6.349704756027979
2021-02-04,2.445791820796976
2021-02-05,1.6033380747646055
2021-02-06,5.121480429595752
2021-02-07,7.363038007553067
2021-02-08,8.54843258759393
2021-02-09,5.178418760666653
2021-02-10,6.275399556505106
2021-02-11,7.671922497416934
2021-02-12,4.207866990584321
2021-02-13,8.804640588662528
2021-02-14,7.633816192077049
2021-02-15,7.469974799638501
2021-02-16,6.201293026468539
2021-02-17,8.174120607131156
2021-02-18,7.754411099464284
2021-02-19,2.961731451413048
2021-02-20,6.814878361086565
2021-02-21,1.6376839017913796
2021-02-22,7.985480942142008
2021-02-23,5.457065326558269
2021-02-24,7.86094206100012
2021-02-25,6.127483781010327
2021-02-26,3.6742935801925247
2021-02-27,9.073377915549829
2021-02-28,2.362576618069895
2021-03-01,3.08405686543092
2021-03-02,5.844630913314022
2021-03-03,7.343711155719212
2021-03-04,7.672466919139241
2021-03-05,8.123978818741787
2021-03-06,1.7352764922434056
2021-03-07,6.226670425862552
2021-03-08,3.7507068525674008
2021-03-09,5.434207656220688
2021-03-10,6.219238137955954
2021-03-11,8.60806452804643
2021-03-12,11.63529121821988
2021-03-13,28.24228346407793
2021-03-14,22.909183769129957
2021-03-15,31.315724857686206
2021-03-16,33.146440187804785
2021-03-17,31.280535670924237
2021-03-18,112.27549490977357
2021-03-19,164.94147393044983
2021-03-20,121.31528986321987
2021-03-21,118.38579715772894
2021-03-22,67.02733555146334
2021-03-23,145.74608780057832
2021-03-24,25.349032020301443
2021-03-25,97.47981746186957
2021-03-26,90.05795475125325
2021-03-27,97.72546811841863
2021-03-28,42.59969469900859
2021-03-29,93.4464842575726
2021-03-30,141.90979298428638
2021-03-31,142.9504955636085
2021-04-01,161.9083823488417
2021-04-02,92.67979036870697
2021-04-03,140.2067688863841
2021-04-04,99.53276281798436
2021-04-05,190.75646753706718
2021-04-06,152.75723805722475
2021-04-07,136.52480690816
2021-04-08,128.2818949629434
2021-04-09,180.52543934216573
2021-04-10,73.38735578120401
2021-04-11,64.590480812677
2021-04-12,153.34385852663362
2021-04-13,187.39468728970033
2021-04-14,189.0974879136905
2021-04-15,200.7787262066029
2021-04-16,193.72903093078787
2021-04-17,181.43003445192957
2021-04-18,116.57829553762427
2021-04-19,144.70092254861683
2021-04-20,212.3313593130786
2021-04-21,199.46212475884408
2021-04-22,98.98128403828643
2021-04-23,153.9062492767574
2021-04-24,153.0878607177044
2021-04-25,213.91550847154204
2021-04-26,194.6374899831346
2021-04-27,64.68895034136281
2021-04-28,110.42100844614872
2021-04-29,84.10622073831611
2021-04-30,169.25440947759648
2021-05-01,139.2632050355507
2021-05-02,128.8489317693379
2021-05-03,210.43731576633834
2021-05-04,92.82995490326832
2021-05-05,163.08041098381167
2021-05-06,189.36787570872963
2021-05-07,15.898304191683389
2021-05-08,10.779262073290349
2021-05-09,136.9178502295227
2021-05-10,113.59813947489131
2021-05-11,128.62285817967944
2021-05-12,159.74789438514114
2021-05-13,164.28497064334172
2021-05-14,146.65415107230834
2021-05-15,157.6818649082931
2021-05-16,156.91732734006106
2021-05-17,122.53538268373369
2021-05-18,3.036837667820464
2021-05-19,37.78312100452431
2021-05-20,63.284600671530725
2021-05-21,180.8401148535572
2021-05-22,224.0137075383973
2021-05-23,160.93567474000764
2021-05-24,12.419505454861344
2021-05-25,137.4578562024356
2021-05-26,57.025870356931
2021-05-27,151.4954103580967
2021-05-28,54.860132365307244
2021-05-29,187.03845045372597
2021-05-30,196.0182790229829
2021-05-31,111.00895679430496
2021-06-01,156.93787400150265
2021-06-02,160.0700496926186
2021-06-03,129.17898365687145
2021-06-04,121.13810408958527
2021-06-05,79.55240993612449
2021-06-06,176.65837182867432
2021-06-07,82.5665607788889
2021-06-08,67.28799474351577
2021-06-09,39.30582975108866
2021-06-10,15.063343348585692
2021-06-11,171.46388383194815
2021-06-12,180.49454539359286
2021-06-13,195.1456462849008
2021-06-14,133.9185824370702
2021-06-15,102.90579466654596
2021-06-16,188.56034210715495
2021-06-17,33.805200486758835
2021-06-18,92.02905585052375
2021-06-19,133.6867794900805
2021-06-20,147.06526379749138
2021-06-21,182.11544774156482
2021-06-22,128.8734211673018
2021-06-23,110.53755291321484
2021-06-24,154.75593376574164
2021-06-25,143.96514323065722
2021-06-26,187.51449075467016
2021-06-27,183.0163406737741
2021-06-28,181.8851170651506
2021-06-29,182.8313327732638
2021-06-30,176.29421161211323
2021-07-01,191.5489087544609
2021-07-02,124.94071026118472
2021-07-03,167.22917615869497
2021-07-04,81.3722449747695
2021-07-05,97.12460932012455
2021-07-06,25.74357264360196
2021-07-07,170.27112844478708
2021-07-08,178.57259961126488
2021-07-09,171.82451436025943
2021-07-10,131.33850430533343
2021-07-11,140.28674775183097
2021-07-12,173.03703524011294
2021-07-13,165.78531378520046
2021-07-14,175.50922748094035
2021-07-15,165.60251046260424
2021-07-16,121.911508212089
2021-07-17,29.09550339461714
2021-07-18,16.468258918169443
2021-07-19,45.81677363180104
2021-07-20,18.315674557942113
2021-07-21,19.624878586976283
2021-07-22,57.160917881012764
2021-07-23,207.42135352970004
2021-07-24,186.38443590744495
2021-07-25,133.7332834021807
2021-07-26,158.9345414102135
2021-07-27,172.86105539708856
2021-07-28,158.80872346212888
2021-07-29,152.72989177870548
2021-07-30,146.57327439383752
2021-07-31,172.9863243358349
2021-08-01,120.87356431670233
2021-08-02,16.813246309719613
2021-08-03,121.95746516118386
2021-08-04,148.66138231150452
2021-08-05,177.33931818469625
2021-08-06,84.88433030256593
2021-08-07,88.88167834277881
2021-08-08,69.45176652014665
2021-08-09,179.86797413650598
2021-08-10,153.27004341202914
2021-08-11,136.0996921181083
2021-08-12,121.09046048269865
2021-08-13,176.96481077750732
2021-08-14,140.0037626473763
2021-08-15,76.56779996377529
2021-08-16,118.48114700702592
2021-08-17,98.43266473980586
2021-08-18,183.69613080822177
2021-08-19,86.8107323036148
2021-08-20,117.5434240531136
2021-08-21,125.10618256291356
2021-08-22,6.04185507727367
2021-08-23,2.4771893328502115
2021-08-24,95.74529511738639
2021-08-25,183.59219348640718
2021-08-26,165.07642025178697
2021-08-27,83.99138152997767
2021-08-28,158.27151356896695
2021-08-29,161.7828981637077
2021-08-30,126.33377375431456
2021-08-31,34.37678862623061
2021-09-01,8.002577779427293
2021-09-02,26.24097624995373
2021-09-03,179.62794730927982
2021-09-04,175.62577388137584
2021-09-05,151.62998021355347
2021-09-06,178.24028228063807
2021-09-07,145.77230161764047
2021-09-08,86.10409055446405
2021-09-09,139.92520410951406
2021-09-10,138.37844157568267
2021-09-11,31.61692281667872
2021-09-12,22.581178972741828
2021-09-13,156.65044944618649
2021-09-14,145.07529711585238
2021-09-15,162.82826548560712
2021-09-16,90.81452635780728
2021-09-17,101.7140097759857
2021-09-18,99.02580076234915
2021-09-19,123.2501586196613
2021-09-20,152.47013158045826
2021-09-21,111.0719170938349
2021-09-22,72.40438129944181
2021-09-23,169.95493257008147
2021-09-24,142.46634232668302
2021-09-25,70.75432028375938
2021-09-26,78.04416416485017
2021-09-27,151.2299418104487
2021-09-28,94.64640546187744
2021-09-29,158.58857687419237
2021-09-30,38.07345099850127
2021-10-01,163.03660606571634
2021-10-02,74.43185737895081
2021-10-03,149.90272996287072
2021-10-04,140.62866446737843
2021-10-05,28.26201064684173
2021-10-06,44.33699846596637
2021-10-07,143.94546585161308
2021-10-08,152.944439665519
2021-10-09,127.1599400778164
2021-10-10,17.080252721864174
2021-10-11,84.93925654123181
2021-10-12,159.8920855211079
2021-10-13,131.87204738830349
2021-10-14,148.16853914175147
2021-10-15,144.66233446503517
2021-10-16,127.91212852108725
2021-10-17,37.29429932720474
2021-10-18,10.645656291896788
2021-10-19,49.42357872240188
2021-10-20,149.86693585566545
2021-10-21,131.8304924560306
2021-10-22,70.78304691396421
2021-10-23,1.0004267015567503
2021-10-24,93.55745943386692
2021-10-25,24.59320681126328
2021-10-26,131.20433445622612
2021-10-27,113.58323227970332
2021-10-28,98.00919832673122
2021-10-29,73.70772417906518
2021-10-30,140.69714010415387
2021-10-31,128.3308079810252
2021-11-01,135.48560060071011
2021-11-02,130.50652822223756
2021-11-03,51.33771406011245
2021-11-04,71.55374828130437
2021-11-05,76.64658020003978
2021-11-06,107.22543407187152
2021-11-07,22.08491114699553
2021-11-08,69.73355848241626
2021-11-09,16.536977906661008
2021-11-10,101.06371000804884
2021-11-11,94.926111823256
2021-11-12,54.5080386198659
2021-11-13,81.4804695506038
2021-11-14,3.2893447405888265
2021-11-15,2.229805438904404
2021-11-16,5.554922368314999
2021-11-17,68.29976923110254
2021-11-18,31.42567436575411
2021-11-19,71.35894515913543
2021-11-20,7.596021294519929
2021-11-21,7.191264494753751
2021-11-22,33.09004910472354
2021-11-23,37.15950546555882
2021-11-24,87.07717440210972
2021-11-25,15.79579780293843
2021-11-26,11.53259342289393
2021-11-27,55.30391664767906
2021-11-28,11.631835942777695
2021-11-29,65.83997608909564
2021-11-30,53.34836785217549
2021-12-01,4.686485869787699
2021-12-02,52.804771974043675
2021-12-03,91.957416088499
2021-12-04,35.78623628476704
2021-12-05,94.41352097301541
2021-12-06,28.298307834270105
2021-12-07,16.2380937943144
2021-12-08,9.78643608857122
2021-12-09,49.505474166030204
2021-12-10,58.63365598557619
2021-12-11,29.92742055618327
2021-12-12,55.305930279009694
2021-12-13,35.58237863509814
2021-12-14,7.274549794016155
2021-12-15,89.02415816392313
2021-12-16,5.779847014781854
2021-12-17,98.85544324330056
2021-12-18,10.639218241421109
2021-12-19,27.221672229153118
2021-12-20,34.75805683494473
2021-12-21,5.2236858212068915
2021-12-22,1.7800533891972818
2021-12-23,5.98533558755562
2021-12-24,41.62603004553517
2021-12-25,39.33642952656188
2021-12-26,6.096991969225726
2021-12-27,45.709254120880004
2021-12-28,20.215624388436648
2021-12-29,46.34313206268552
2021-12-30,38.30173812707871
2021-12-31,48.34956705109623
2022-01-01,17.07960003256918
2022-01-02,18.43830400056804
2022-01-03,1.3848895298846555
2022-01-04,13.190631641974276
2022-01-05,22.254205525773656
2022-01-06,27.61367603198385
2022-01-07,7.423526316003294
2022-01-08,22.982058851461165
2022-01-09,5.093964609078931
2022-01-10,9.351278260395576
2022-01-11,6.332986420043673
2022-01-12,12.255314259870527
2022-01-13,0.847712908870357
2022-01-14,6.144029254586439
2022-01-15,17.333603880734255
2022-01-16,4.326452695947367
2022-01-17,1.6202116945524565
2022-01-18,13.959736332703569
2022-01-19,22.460307628167147
2022-01-20,1.2228268252936791
2022-01-21,1.3605413062495006
2022-01-22,5.126604781364841
2022-01-23,0.23773572704378057
2022-01-24,1.0277873947542855
2022-01-25,1.7487764822118164
2022-01-26,2.8132538575227484
2022-01-27,5.605384773760471
2022-01-28,2.6576018155733583
2022-01-29,4.704111169264837
2022-01-30,8.25088473438376
2022-01-31,8.414979523557177
2022-02-01,11.813025104015733
2022-02-02,11.899028931056826
2022-02-03,7.867465221944514
2022-02-04,0.5153460601463787
2022-02-05,1.6320381661259744
2022-02-06,4.869308606724193
2022-02-07,3.3851044393059313
2022-02-08,4.710324631870077
2022-02-09,3.299080419574328
2022-02-10,3.6422420667164803
2022-02-11,6.665011590677152
2022-02-12,4.532951790737035
2022-02-13,17.720861226465008
2022-02-14,3.7395972267686766
2022-02-15,11.730005491520107
2022-02-16,6.760435759229811
2022-02-17,15.124241149401751
2022-02-18,6.043754575147071
2022-02-19,2.084954008670899
2022-02-20,4.773739711851964
2022-02-21,30.94398134257384
2022-02-22,36.78408095555012
2022-02-23,11.617347587973992
2022-02-24,18.558904537558902
2022-02-25,30.650238171622462
2022-02-26,13.309801997268451
2022-02-27,5.071491798349601
2022-02-28,4.063318664064407
2022-03-01,3.0456550720700797
2022-03-02,1.9918866314194579
2022-03-03,1.2786683418930784
2022-03-04,3.96158879739636
2022-03-05,3.5618551434253876
2022-03-06,9.438019687632584
2022-03-07,25.20178404197499
2022-03-08,12.810365997227487
2022-03-09,23.623330025364044
2022-03-10,29.4018495172695
2022-03-11,12.711747349032455
2022-03-12,12.061523833873444
2022-03-13,7.240842851645177
2022-03-14,16.590942722718392
2022-03-15,22.573867365464007
2022-03-16,41.48114964831563
2022-03-17,88.18849165723097
2022-03-18,163.2869222721355
2022-03-19,112.73005562208081
2022-03-20,18.64365267048305
2022-03-21,134.5077368430759
2022-03-22,136.22643402807677
2022-03-23,122.3558159703134
2022-03-24,138.7454861006915
2022-03-25,107.15128773274017
2022-03-26,81.48288402612522
2022-03-27,124.60196470637521
2022-03-28,32.44271597746345
2022-03-29,157.3377637679867
2022-03-30,151.1715853879747
2022-03-31,145.54179199227582
2022-04-01,127.08538814615412
2022-04-02,119.7775631364494
2022-04-03,161.95991919153042
2022-04-04,134.06457424519604
2022-04-05,92.76594743888707
2022-04-06,211.2135073132389
2022-04-07,176.22377350646047
2022-04-08,120.59210949679503
2022-04-09,132.500850456056
2022-04-10,147.3577833816353
2022-04-11,162.07652672654012
2022-04-12,128.896483160148
2022-04-13,154.5904476500359
2022-04-14,91.89464106998769
2022-04-15,64.65361152988301
2022-04-16,71.11905371853905
2022-04-17,115.0750266989059
2022-04-18,147.39424472266677
2022-04-19,6.99944924212253
2022-04-20,167.3071938453027
2022-04-21,117.44573282238476
2022-04-22,109.71963191687391
2022-04-23,168.46795850713028
2022-04-24,180.52611198505062
2022-04-25,173.74269005529075
2022-04-26,115.07329749470482
2022-04-27,30.275676193109028
2022-04-28,159.0063832470607
2022-04-29,174.72557784407385
2022-04-30,156.340282290163
2022-05-01,86.84270971307933
2022-05-02,157.59609325457924
2022-05-03,89.49519894559712
2022-05-04,89.34589663507987
2022-05-05,102.47318946318944
2022-05-06,42.86773856415117
2022-05-07,144.46340383262904
2022-05-08,101.00544487778592
2022-05-09,108.20510458316305
2022-05-10,54.27010803893833
2022-05-11,112.92154740695183
2022-05-12,183.2560250549576
2022-05-13,76.52364307893518
2022-05-14,136.67809312379447
2022-05-15,170.88538631098214
2022-05-16,118.84253097603343
2022-05-17,137.37893631986003
2022-05-18,48.02433812492549
2022-05-19,48.85798294255354
2022-05-20,106.98598508948594
2022-05-21,189.813439338
2022-05-22,178.3423815538192
2022-05-23,163.0992418993243
2022-05-24,129.4708632142576
2022-05-25,146.4357901475194
2022-05-26,174.17399763118533
2022-05-27,88.54676925428446
2022-05-28,189.6513664744305
2022-05-29,107.43225543880015
2022-05-30,212.53565526322464
2022-05-31,184.5558365448609
2022-06-01,183.48194116109877
2022-06-02,200.20592898556743
2022-06-03,204.1853214997641
2022-06-04,88.39768127857872
2022-06-05,62.14984232281856
2022-06-06,7.657940772290542
2022-06-07,71.25443402314077
2022-06-08,132.07658387269885
2022-06-09,166.821922670917
2022-06-10,163.79360649851327
2022-06-11,133.2950027893396
2022-06-12,133.4395342891498
2022-06-13,129.5161060660648
2022-06-14,16.787127517653634
2022-06-15,49.75242514964567
2022-06-16,142.8145868308451
2022-06-17,36.34689527187708
2022-06-18,35.48913840661372
2022-06-19,111.71197322697302
2022-06-20,109.51439051823348
2022-06-21,164.22439417482389
2022-06-22,83.66750034847594
2022-06-23,44.74124947069679
2022-06-24,84.25262531107835
2022-06-25,190.8613954139559
2022-06-26,173.20901815569036
2022-06-27,113.45013592974927
2022-06-28,83.87106458080417
2022-06-29,40.836528270757874
2022-06-30,153.18816471828058
2022-07-01,102.16194663917175
2022-07-02,16.375857594105486
2022-07-03,124.3638996052674
2022-07-04,105.3588344819751
2022-07-05,6.8128690335769635
2022-07-06,47.84905600711043
2022-07-07,41.62788157397408
2022-07-08,111.63218292556867
2022-07-09,171.26927076930565
2022-07-10,168.619596943809
2022-07-11,126.47413836896781
2022-07-12,186.9930285422
2022-07-13,157.28603147931994
2022-07-14,151.7416814444117
2022-07-15,175.4276813237513
2022-07-16,162.48265571012354
2022-07-17,114.83618269941988
2022-07-18,121.62003347545392
2022-07-19,131.4373629507761
2022-07-20,186.46092045240886
2022-07-21,163.30069629154346
2022-07-22,157.91422687855152
2022-07-23,158.51194409090078
2022-07-24,79.23333167027681
2022-07-25,74.03347197089913
2022-07-26,140.71520668766826
2022-07-27,134.56224912643165
2022-07-28,181.66216453389964
2022-07-29,136.4821859238735
2022-07-30,129.7664177826266
2022-07-31,51.35101284506476
2022-08-01,54.70214010441652
2022-08-02,83.63650124202779
2022-08-03,37.085099128302375
2022-08-04,61.22515878107825
2022-08-05,91.49984771150773
2022-08-06,133.71321128876988
2022-08-07,176.86912243537327
2022-08-08,161.4975077408089
2022-08-09,185.1220660166394
2022-08-10,171.27409216189858
2022-08-11,96.08495871525932
2022-08-12,173.39164231527747
2022-08-13,156.38213288289543
2022-08-14,173.61926211278032
2022-08-15,148.96148674148844
2022-08-16,90.27952856347278
2022-08-17,179.599166258378
2022-08-18,179.71076382523125
2022-08-19,166.27025602809644
2022-08-20,88.77657162006625
2022-08-21,84.78148820131675
2022-08-22,178.69050413508356
2022-08-23,164.8469394228227
2022-08-24,174.2934084892605
2022-08-25,179.45962378962778
2022-08-26,168.4052814693238
2022-08-27,21.74128270830504
2022-08-28,136.31316783266757
2022-08-29,142.1110378587333
2022-08-30,162.7035472349727
2022-08-31,160.27352286950983
2022-09-01,180.7734156327845
2022-09-02,175.82718373163718
2022-09-03,162.27098539264043
2022-09-04,144.43862823640129
2022-09-05,68.24636447848725
2022-09-06,165.85986573823564
2022-09-07,78.45403779457723
2022-09-08,119.04471780701532
2022-09-09,154.866747988719
2022-09-10,169.83314021018685
2022-09-11,159.47683004361193
2022-09-12,161.3225155206911
2022-09-13,147.37858261413402
2022-09-14,170.06433687215912
2022-09-15,144.78657955213936
2022-09-16,114.04386482174513
2022-09-17,76.98300427458184
2022-09-18,39.253924232333034
2022-09-19,39.8713163014806
2022-09-20,84.03876049424979
2022-09-21,176.5121446345071
2022-09-22,174.71221448643055
2022-09-23,70.61538780780624
2022-09-24,172.06373932483183
2022-09-25,132.76160669161484
2022-09-26,143.0952684985854
2022-09-27,137.03728374263653
2022-09-28,150.7535711298101
2022-09-29,29.65129360650885
2022-09-30,88.23035179039253
2022-10-01,114.12550001837609
2022-10-02,150.60033417275014
2022-10-03,85.3890497086741
2022-10-04,143.82272630463316
2022-10-05,29.76628932148663
2022-10-06,146.64615590683596
2022-10-07,145.52520600719222
2022-10-08,141.39160075183509
2022-10-09,121.90881913617122
2022-10-10,23.862864973630614
2022-10-11,117.79935833804687
2022-10-12,147.22167078493987
2022-10-13,108.30288557685425
2022-10-14,75.18100377206012
2022-10-15,80.16813616490296
2022-10-16,122.07238107436493
2022-10-17,135.59628843269374
2022-10-18,117.56566549509009
2022-10-19,111.11840876656366
2022-10-20,123.04168087224056
2022-10-21,63.366895089926174
2022-10-22,12.511651351428004
2022-10-23,33.250564113814036
2022-10-24,15.548134875705353
2022-10-25,76.43064174401738
2022-10-26,98.67122419944148
2022-10-27,60.40637948783129
2022-10-28,82.0304756257516
2022-10-29,105.67855278343184
2022-10-30,86.0714925591626
2022-10-31,77.82391985181461
2022-11-01,10.697273567425512
2022-11-02,3.754690149458141
2022-11-03,94.65037657423136
2022-11-04,84.89713204854058
2022-11-05,6.937638394690581
2022-11-06,30.13358995310021
2022-11-07,7.985051304038652
2022-11-08,82.68982315964072
2022-11-09,123.33408897457352
2022-11-10,125.65316517256868
2022-11-11,105.01381441280571
2022-11-12,45.45701336158258
2022-11-13,61.470028091194166
2022-11-14,116.01519468777612
2022-11-15,84.87622554702199
2022-11-16,21.09134730481979
2022-11-17,9.784861239500486
2022-11-18,35.69747563572481
2022-11-19,26.960772298824196
2022-11-20,30.72955175272599
2022-11-21,46.45320993828191
2022-11-22,10.898347946805952
2022-11-23,66.13847618453647
2022-11-24,22.7625721501377
2022-11-25,8.026099234793824
2022-11-26,58.58028399668031
2022-11-27,13.156599750628583
2022-11-28,19.89198371766373
2022-11-29,20.201614903301078
2022-11-30,4.8058889425950735
2022-12-01,58.516061269339076
2022-12-02,80.29786012145854
2022-12-03,82.33085839325553
2022-12-04,41.89711114395831
2022-12-05,15.684742091690508
2022-12-06,90.27772840558882
2022-12-07,77.10675711787019
2022-12-08,50.98508689232736
2022-12-09,82.37361498608013
2022-12-10,46.39362321200984
2022-12-11,38.09958347069588
2022-12-12,63.5534426113399
2022-12-13,55.283261983453464
2022-12-14,36.673687482357124
2022-12-15,79.74691343362112
2022-12-16,16.024356853971284
2022-12-17,0.7302321224375998
2022-12-18,0.6663338937676309
2022-12-19,0.6314479688782758
2022-12-20,2.7643982053603717
2022-12-21,1.503432284209883
2022-12-22,5.679878347401271
2022-12-23,0.50463668749032
2022-12-24,5.563238968090615
2022-12-25,5.820461414341397
2022-12-26,0.7605358759085491
2022-12-27,0.426819419987144
2022-12-28,4.230917213309993
2022-12-29,2.502422343476149
2022-12-30,4.55049552350038
2022-12-31,34.76865061115352
2023-01-01,85.45761862959304
2023-01-02,89.59055795922953
2023-01-03,80.67254829468635
2023-01-04,84.09947384587119
2023-01-05,81.30862657913725
2023-01-06,92.4941395946818
2023-01-07,83.15877663486197
2023-01-08,82.87040487728068
2023-01-09,15.19697759793281
2023-01-10,8.836335144475841
2023-01-11,13.17234625711262
2023-01-12,10.99813431285228
2023-01-13,1.7062851145356677
2023-01-14,2.076665813074938
2023-01-15,0.725928427168054
2023-01-16,0.6856378616445243
2023-01-17,1.2253457908622418
2023-01-18,2.54223562441498
2023-01-19,7.47222407135624
2023-01-20,4.281686372344115
2023-01-21,4.402229478103486
2023-01-22,4.3848976599646585
2023-01-23,0.26366038211189313
2023-01-24,3.532307813050529
2023-01-25,3.2990973966439068
2023-01-26,2.7619886603554127
2023-01-27,0.7909059308153507
2023-01-28,4.279094548106337
2023-01-29,3.868587125993416
2023-01-30,4.566382827549222
2023-01-31,1.452819429476541
2023-02-01,1.633453699830346
2023-02-02,2.77434485906789
2023-02-03,5.223135531109131
2023-02-04,5.532177055157558
2023-02-05,1.4800555354532523
2023-02-06,3.6167469413914834
2023-02-07,4.43346110583387
2023-02-08,5.64200438323122
2023-02-09,4.384736585449488
2023-02-10,4.373704468642397
2023-02-11,4.993206071826215
2023-02-12,3.015113514759364
2023-02-13,5.588069497394092
2023-02-14,3.5596259943742243
2023-02-15,3.287825173496373
2023-02-16,11.075238202064154
2023-02-17,21.485672509433233
2023-02-18,4.621635143572382
2023-02-19,7.533808511813894
2023-02-20,16.9191031102509
2023-02-21,16.814163599950515
2023-02-22,14.93328541510573
2023-02-23,18.73130044276087
2023-02-24,17.419271107324544
2023-02-25,9.793818890695007
2023-02-26,11.438185921809028
2023-02-27,10.739969379818861
2023-02-28,5.0298938021297435
2023-03-01,4.327463685210757
2023-03-02,5.23746075092703
2023-03-03,7.393084429205869
2023-03-04,6.054445318617206
2023-03-05,6.031455763486287
2023-03-06,4.817856472639659
2023-03-07,5.7541800556794955
2023-03-08,6.504429809793498
2023-03-09,6.057157834871949
2023-03-10,3.2848365617329542
2023-03-11,5.532105047626732
2023-03-12,4.097512505727333
2023-03-13,3.5061155395977384
2023-03-14,9.07718576101401
2023-03-15,10.519764284622795
2023-03-16,20.69171003827544
2023-03-17,23.842736444018012
2023-03-18,61.72044497413345
2023-03-19,107.37041460019991
2023-03-20,108.09271073807099
2023-03-21,115.66793371234232
2023-03-22,190.20234154984718
2023-03-23,168.48940906932313
2023-03-24,70.45962894270241
2023-03-25,158.34580349240724
2023-03-26,116.18458242084984
2023-03-27,177.1112290897852
2023-03-28,194.12431796720657
2023-03-29,144.41274327360156
2023-03-30,80.90115325075335
2023-03-31,151.40218637805705
2023-04-01,131.91069877315238
2023-04-02,105.4575807671476
2023-04-03,111.9352019147548
2023-04-04,158.90150689619117
2023-04-05,153.2558417590068
2023-04-06,184.8076510333417
2023-04-07,184.20662878184604
2023-04-08,176.30320141196296
2023-04-09,178.47189352814462
2023-04-10,140.10428725889525
2023-04-11,10.04332421534344
2023-04-12,179.76693491407036
2023-04-13,144.33983689687156
2023-04-14,95.37605027561196
2023-04-15,179.43582570944355
2023-04-16,202.8950290903476
2023-04-17,96.0162773674513
2023-04-18,197.0606028555637
2023-04-19,88.42273796391474
2023-04-20,76.70807654625963
2023-04-21,64.7740459108843
2023-04-22,129.3244486947649
2023-04-23,127.21379303577602
2023-04-24,152.5943787898646
2023-04-25,88.2839047262386
2023-04-26,134.4865651721977
2023-04-27,148.13732741550734
2023-04-28,206.11349919017297
2023-04-29,193.59905076597605
2023-04-30,203.13071743142575
2023-05-01,199.22049686119846
2023-05-02,159.68596547249032
2023-05-03,162.61562513631443
2023-05-04,187.4573111284076
2023-05-05,214.64780968871983
2023-05-06,128.52479570501256
2023-05-07,17.883055789800686
2023-05-08,75.2048225776523
2023-05-09,75.98692472930608
2023-05-10,113.76601397116804
2023-05-11,109.63522985584153
2023-05-12,177.64231464910884
2023-05-13,196.6645407334227
2023-05-14,205.32859287381532
2023-05-15,198.10381139762026
2023-05-16,192.3051354660377
2023-05-17,212.58019056101824
2023-05-18,214.4100199537117
2023-05-19,162.67028128731044
2023-05-20,150.96980869919906
2023-05-21,152.1514780415521
2023-05-22,83.10426889544406
2023-05-23,127.62243858116176
2023-05-24,141.8603273735633
2023-05-25,51.31064397839938
2023-05-26,195.15851691274804
2023-05-27,162.04952432940695
2023-05-28,149.49309013350242
2023-05-29,125.0319466069268
2023-05-30,137.39812283306952
2023-05-31,135.44098958585215
2023-06-01,21.86427118941357
2023-06-02,155.31870257917998
2023-06-03,100.5475181594462
2023-06-04,177.93175993582156
2023-06-05,152.53823632149025
2023-06-06,202.19683000986478
2023-06-07,191.08243401383282
2023-06-08,195.51446480441538
2023-06-09,184.16924675047716
2023-06-10,179.62807457251188
2023-06-11,136.85513704057536
2023-06-12,177.92921251554935
2023-06-13,107.0592183063124
2023-06-14,5.8456728520311945
2023-06-15,76.75413290213659
2023-06-16,90.60530542936999
2023-06-17,85.5250412470696
2023-06-18,5.812865369796023
2023-06-19,22.477755719779143
2023-06-20,7.638729095782575
2023-06-21,152.0933634936975
2023-06-22,167.19293593421386
2023-06-23,124.69900728117697
2023-06-24,180.8647444699848
2023-06-25,136.82156814381395
2023-06-26,165.29695480853397
2023-06-27,126.53160117539734
2023-06-28,163.76184941296623
2023-06-29,159.7076856908396
2023-06-30,143.31559166637612
2023-07-01,62.950825584140645
2023-07-02,55.66549722100784
2023-07-03,36.53522349149498
2023-07-04,116.762141715053
2023-07-05,158.70414576639655
2023-07-06,155.7941688215975
2023-07-07,178.629226769296
2023-07-08,174.5888174665347
2023-07-09,180.72607357300691
2023-07-10,60.67924131151245
2023-07-11,121.24402804344308
2023-07-12,115.41319895842388
2023-07-13,144.02209473302872
2023-07-14,157.5321661192672
2023-07-15,165.24686442373334
2023-07-16,134.0409374186618
2023-07-17,74.37111496164255
2023-07-18,27.817235556457327
2023-07-19,155.1952662027586
2023-07-20,161.76113263834813
2023-07-21,177.69712729698853
2023-07-22,154.98976566659528
2023-07-23,140.09391406466534
2023-07-24,163.0502692494885
2023-07-25,154.85171442440708
2023-07-26,24.77381650212176
2023-07-27,32.83468277399389
2023-07-28,88.72090174488777
2023-07-29,82.53055975981846
2023-07-30,160.70722287621655
2023-07-31,145.688813489278
2023-08-01,170.1709125041842
2023-08-02,145.17785531709868
2023-08-03,135.71872575694064
2023-08-04,153.27236381444317
2023-08-05,183.4130422244673
2023-08-06,141.04551778460052
2023-08-07,144.6811700628261
2023-08-08,37.93662085144931
2023-08-09,45.89538371816784
2023-08-10,148.75270881617814
2023-08-11,92.50714246340044
2023-08-12,158.26959886453588
2023-08-13,177.47979103700908
2023-08-14,157.24938137950588
2023-08-15,90.38256724587212
2023-08-16,163.2271467707175
2023-08-17,146.85496065467385
2023-08-18,3.5892451061298027
2023-08-19,121.64238160346
2023-08-20,152.60654170034368
2023-08-21,81.12683021731155
2023-08-22,23.44326828006948
2023-08-23,12.774692321333195
2023-08-24,60.45742633000816
2023-08-25,85.84982047220372
2023-08-26,163.79215062814555
2023-08-27,165.6899509591133
2023-08-28,168.57814214455564
2023-08-29,174.08358727207744
2023-08-30,129.88912055262108
2023-08-31,80.47561121172032
2023-09-01,169.89733309975085
2023-09-02,180.4012777369776
2023-09-03,40.48886716230554
2023-09-04,60.56357985076407
2023-09-05,38.99576403546703
2023-09-06,134.79876692622108
2023-09-07,151.75228789326374
2023-09-08,136.17129190731154
2023-09-09,168.96616054844097
2023-09-10,183.5563844946952
2023-09-11,144.84401843695858
2023-09-12,117.80732461040594
2023-09-13,86.55634042684402
2023-09-14,184.1875962037787
2023-09-15,175.35545724516848
2023-09-16,167.7845295828097
2023-09-17,128.168039373918
2023-09-18,90.3947427997852
2023-09-19,134.2334033816683
2023-09-20,50.918238326716676
2023-09-21,175.27774696958346
2023-09-22,177.60557533851244
2023-09-23,96.71814459347118
2023-09-24,95.67092621089867
2023-09-25,132.51210612167893
2023-09-26,29.617855739710922
2023-09-27,147.15131718612264
2023-09-28,112.88300101465529
2023-09-29,8.50289406747244
2023-09-30,33.51825013685896
2023-10-01,81.42989967244353
2023-10-02,49.058821177590154
2023-10-03,149.31387926469927
2023-10-04,123.16556672052724
2023-10-05,162.28225363000138
2023-10-06,147.63873301312873
2023-10-07,140.6123736726719
2023-10-08,147.7015131368707
2023-10-09,144.39405986493244
2023-10-10,100.78043404016516
2023-10-11,51.40403819081108
2023-10-12,99.16033648667512
2023-10-13,49.08155101847722
2023-10-14,134.95790862045823
2023-10-15,120.33424756839108
2023-10-16,68.78196017110827
2023-10-17,6.73108771367799
2023-10-18,118.77608119661616
2023-10-19,129.90355015559842
2023-10-20,139.63873567569618
2023-10-21,22.089298527382883
2023-10-22,5.257601349656198
2023-10-23,16.673112801389436
2023-10-24,35.702652767700386
2023-10-25,56.8691258146552
2023-10-26,13.993134732405666
2023-10-27,51.81733998991933
2023-10-28,13.572357336371372
2023-10-29,126.6442987605613
2023-10-30,55.49750404873652
2023-10-31,80.03621207855689
2023-11-01,48.34473281454124
2023-11-02,74.63000102103001
2023-11-03,86.91428224028833
2023-11-04,25.84905335003016
2023-11-05,17.654935195847756
2023-11-06,36.4098321664409
2023-11-07,11.148748578371345
2023-11-08,100.53109074974164
2023-11-09,109.66940053730107
2023-11-10,56.98413762959644
2023-11-11,13.579274962078888
2023-11-12,106.46305954173765
2023-11-13,77.36692787132796
2023-11-14,96.86318686412496
2023-11-15,90.84996854675889
2023-11-16,38.86225426789752
2023-11-17,78.51544538688624
2023-11-18,98.6630594753809
2023-11-19,97.76958573647718
2023-11-20,95.58870684818696
2023-11-21,17.789594135887715
2023-11-22,28.05437499315017
2023-11-23,60.581987436502935
2023-11-24,82.95739974788118
2023-11-25,58.07890209587965
2023-11-26,16.95129155738562
2023-11-27,26.733610667712007
2023-11-28,91.10323774761714
2023-11-29,91.93116088872222
2023-11-30,85.67610201934241
2023-12-01,41.14634664496978
2023-12-02,80.5667858299981
2023-12-03,63.10388155372222
2023-12-04,3.3089385335494312
2023-12-05,0.6517980452014696
2023-12-06,2.5026915182766896
2023-12-07,2.852966120266259
2023-12-08,1.884850869893586
2023-12-09,7.058279310639184
2023-12-10,9.410314603634511
2023-12-11,27.787587077414674
2023-12-12,48.55743864541876
2023-12-13,37.969241162887464
2023-12-14,5.5205542076663825
2023-12-15,15.762003658273285
2023-12-16,36.87300432722989
2023-12-17,66.12080813181795
2023-12-18,39.668975541665915
2023-12-19,9.651005566273897
2023-12-20,63.56449505482305
2023-12-21,41.26758809948939
2023-12-22,45.39584131599147
2023-12-23,82.62367145033171
2023-12-24,70.25642300803274
2023-12-25,50.111105888698994
2023-12-26,75.12073809989678
2023-12-27,50.31727842671724
2023-12-28,69.26060563776804
2023-12-29,73.65240244210716
2023-12-30,42.89444907960773
2023-12-31,19.133284177633012
2024-01-01,
2024-01-02,
2024-01-03,
2024-01-04,
2024-01-05,
2024-01-06,
2024-01-07,
2024-01-08,
2024-01-09,
2024-01-10,
2024-01-11,
2024-01-12,
2024-01-13,
2024-01-14,
2024-01-15,
2024-01-16,
2024-01-17,
2024-01-18,
2024-01-19,
2024-01-20,
2024-01-21,
2024-01-22,
2024-01-23,
2024-01-24,
2024-01-25,
2024-01-26,
2024-01-27,
2024-01-28,
2024-01-29,
2024-01-30,
2024-01-31,
2024-02-01,
2024-02-02,
2024-02-03,
2024-02-04,
2024-02-05,
2024-02-06,
2024-02-07,
2024-02-08,
2024-02-09,
2024-02-10,
2024-02-11,
2024-02-12,
2024-02-13,
2024-02-14,
2024-02-15,
2024-02-16,
2024-02-17,
2024-02-18,
2024-02-19,
2024-02-20,
2024-02-21,
2024-02-22,
2024-02-23,
2024-02-24,
2024-02-25,
2024-02-26,
2024-02-27,
2024-02-28,
2024-02-29,
2024-03-01,
2024-03-02,
2024-03-03,
2024-03-04,
2024-03-05,
2024-03-06,
2024-03-07,
2024-03-08,
2024-03-09,
2024-03-10,
2024-03-11,
2024-03-12,
2024-03-13,
2024-03-14,
2024-03-15,
2024-03-16,
2024-03-17,
2024-03-18,
2024-03-19,
2024-03-20,
2024-03-21,
2024-03-22,
2024-03-23,
2024-03-24,
2024-03-25,
2024-03-26,
2024-03-27,
2024-03-28,
2024-03-29,
2024-03-30,
2024-03-31,
2024-04-01,
2024-04-02,
2024-04-03,
2024-04-04,
2024-04-05,
2024-04-06,
2024-04-07,
2024-04-08,
2024-04-09,
2024-04-10,
2024-04-11,
2024-04-12,
2024-04-13,
2024-04-14,
2024-04-15,
2024-04-16,
2024-04-17,
2024-04-18,
2024-04-19,
2024-04-20,
2024-04-21,
2024-04-22,
2024-04-23,
2024-04-24,
2024-04-25,
2024-04-26,
2024-04-27,
2024-04-28,
2024-04-29,
2024-04-30,
2024-05-01,
2024-05-02,
2024-05-03,
2024-05-04,
2024-05-05,
2024-05-06,
2024-05-07,
2024-05-08,
2024-05-09,
2024-05-10,
2024-05-11,
2024-05-12,
2024-05-13,
2024-05-14,
2024-05-15,
2024-05-16,
2024-05-17,
2024-05-18,
2024-05-19,
2024-05-20,
2024-05-21,
2024-05-22,
2024-05-23,
2024-05-24,
2024-05-25,
2024-05-26,
2024-05-27,
2024-05-28,
2024-05-29,
2024-05-30,
2024-05-31,
2024-06-01,
2024-06-02,
2024-06-03,
2024-06-04,
2024-06-05,
2024-06-06,
2024-06-07,
2024-06-08,
2024-06-09,
2024-06-10,
2024-06-11,
2024-06-12,
2024-06-13,
2024-06-14,
2024-06-15,
2024-06-16,
2024-06-17,
2024-06-18,
2024-06-19,
2024-06-20,
2024-06-21,
2024-06-22,
2024-06-23,
2024-06-24,
2024-06-25,
2024-06-26,
2024-06-27,
2024-06-28,
2024-06-29,
2024-06-30,
2024-07-01,
2024-07-02,
2024-07-03,
2024-07-04,
2024-07-05,
2024-07-06,
2024-07-07,
2024-07-08,
2024-07-09,
2024-07-10,
2024-07-11,
2024-07-12,
2024-07-13,
2024-07-14,
2024-07-15,
2024-07-16,
2024-07-17,
2024-07-18,
2024-07-19,
2024-07-20,
2024-07-21,
2024-07-22,
2024-07-23,
2024-07-24,
2024-07-25,
2024-07-26,
2024-07-27,
2024-07-28,
2024-07-29,
2024-07-30,
2024-07-31,
2024-08-01,
2024-08-02,
2024-08-03,
2024-08-04,
2024-08-05,
2024-08-06,
2024-08-07,
2024-08-08,
2024-08-09,
2024-08-10,
2024-08-11,
2024-08-12,
2024-08-13,
2024-08-14,
2024-08-15,
2024-08-16,
2024-08-17,
2024-08-18,
2024-08-19,
2024-08-20,
2024-08-21,
2024-08-22,
2024-08-23,
2024-08-24,
2024-08-25,
2024-08-26,
2024-08-27,
2024-08-28,
2024-08-29,
2024-08-30,
2024-08-31,
2024-09-01,
2024-09-02,
2024-09-03,
2024-09-04,
2024-09-05,
2024-09-06,
2024-09-07,
2024-09-08,
2024-09-09,
2024-09-10,
2024-09-11,
2024-09-12,
2024-09-13,
2024-09-14,
2024-09-15,
2024-09-16,
2024-09-17,
2024-09-18,
2024-09-19,
2024-09-20,
2024-09-21,
2024-09-22,
2024-09-23,
2024-09-24,
2024-09-25,
2024-09-26,
2024-09-27,
2024-09-28,
2024-09-29,
2024-09-30,
2024-10-01,
2024-10-02,
2024-10-03,
2024-10-04,
2024-10-05,
2024-10-06,
2024-10-07,
2024-10-08,
2024-10-09,
2024-10-10,
2024-10-11,
2024-10-12,
2024-10-13,
2024-10-14,
2024-10-15,
2024-10-16,
2024-10-17,
2024-10-18,
2024-10-19,
2024-10-20,
2024-10-21,
2024-10-22,
2024-10-23,
2024-10-24,
2024-10-25,
2024-10-26,
2024-10-27,
2024-10-28,
2024-10-29,
2024-10-30,
2024-10-31,
2024-11-01,
2024-11-02,
2024-11-03,
2024-11-04,
2024-11-05,
2024-11-06,
2024-11-07,
2024-11-08,
2024-11-09,
2024-11-10,
2024-11-11,
2024-11-12,
2024-11-13,
2024-11-14,
2024-11-15,
2024-11-16,
2024-11-17,
2024-11-18,
2024-11-19,
2024-11-20,
2024-11-21,
2024-11-22,
2024-11-23,
2024-11-24,
2024-11-25,
2024-11-26,
2024-11-27,
2024-11-28,
2024-11-29,
2024-11-30,
2024-12-01,
2024-12-02,
2024-12-03,
2024-12-04,
2024-12-05,
2024-12-06,
2024-12-07,
2024-12-08,
2024-12-09,
2024-12-10,
2024-12-11,
2024-12-12,
2024-12-13,
2024-12-14,
2024-12-15,
2024-12-16,
2024-12-17,
2024-12-18,
2024-12-19,
2024-12-20,
2024-12-21,
2024-12-22,
2024-12-23,
2024-12-24,
2024-12-25,
2024-12-26,
2024-12-27,
2024-12-28,
2024-12-29,
2024-12-30,
2024-12-31,
2025-01-01,
2025-01-02,
2025-01-03,
2025-01-04,
2025-01-05,
2025-01-06,
2025-01-07,
2025-01-08,
2025-01-09,
2025-01-10,
2025-01-11,
2025-01-12,
2025-01-13,
2025-01-14,
2025-01-15,
2025-01-16,
2025-01-17,
2025-01-18,
2025-01-19,
2025-01-20,
2025-01-21,
2025-01-22,
2025-01-23,
2025-01-24,
2025-01-25,
2025-01-26,
2025-01-27,
2025-01-28,
2025-01-29,
2025-01-30,
2025-01-31,
2025-02-01,
2025-02-02,
2025-02-03,
2025-02-04,
2025-02-05,
2025-02-06,
2025-02-07,
2025-02-08,
2025-02-09,
2025-02-10,
2025-02-11,
2025-02-12,
2025-02-13,
2025-02-14,
2025-02-15,
2025-02-16,
2025-02-17,
2025-02-18,
2025-02-19,
2025-02-20,
2025-02-21,
2025-02-22,
2025-02-23,
2025-02-24,
2025-02-25,
2025-02-26,
2025-02-27,
2025-02-28,
2025-03-01,
2025-03-02,
2025-03-03,
2025-03-04,
2025-03-05,
2025-03-06,
2025-03-07,
2025-03-08,
2025-03-09,
2025-03-10,
2025-03-11,
2025-03-12,
2025-03-13,
2025-03-14,
2025-03-15,
2025-03-16,
2025-03-17,
2025-03-18,
2025-03-19,
2025-03-20,
2025-03-21,
2025-03-22,
2025-03-23,
2025-03-24,
2025-03-25,
2025-03-26,
2025-03-27,
2025-03-28,
2025-03-29,
2025-03-30,
2025-03-31,
2025-04-01,
2025-04-02,
2025-04-03,
2025-04-04,
2025-04-05,
2025-04-06,
2025-04-07,
2025-04-08,
2025-04-09,
2025-04-10,
2025-04-11,
2025-04-12,
2025-04-13,
2025-04-14,
2025-04-15,
2025-04-16,
2025-04-17,
2025-04-18,
2025-04-19,
2025-04-20,
2025-04-21,
2025-04-22,
2025-04-23,
2025-04-24,
2025-04-25,
2025-04-26,
2025-04-27,
2025-04-28,
2025-04-29,
2025-04-30,
2025-05-01,
2025-05-02,
2025-05-03,
2025-05-04,
2025-05-05,
2025-05-06,
2025-05-07,
2025-05-08,
2025-05-09,
2025-05-10,
2025-05-11,
2025-05-12,
2025-05-13,
2025-05-14,
2025-05-15,
2025-05-16,
2025-05-17,
2025-05-18,
2025-05-19,
2025-05-20,
2025-05-21,
2025-05-22,
2025-05-23,
2025-05-24,
2025-05-25,
2025-05-26,
2025-05-27,
2025-05-28,
2025-05-29,
2025-05-30,
2025-05-31,
2025-06-01,
2025-06-02,
2025-06-03,
2025-06-04,
2025-06-05,
2025-06-06,
2025-06-07,
2025-06-08,
2025-06-09,
2025-06-10,
2025-06-11,
2025-06-12,
2025-06-13,
2025-06-14,
2025-06-15,
2025-06-16,
2025-06-17,
2025-06-18,
2025-06-19,
2025-06-20,
2025-06-21,
2025-06-22,
2025-06-23,
2025-06-24,
2025-06-25,
2025-06-26,
2025-06-27,
2025-06-28,
2025-06-29,
2025-06-30,
2025-07-01,
2025-07-02,
2025-07-03,
2025-07-04,
2025-07-05,
2025-07-06,
2025-07-07,
2025-07-08,
2025-07-09,
2025-07-10,
2025-07-11,
2025-07-12,
2025-07-13,
2025-07-14,
2025-07-15,
2025-07-16,
2025-07-17,
2025-07-18,
2025-07-19,
2025-07-20,
2025-07-21,
2025-07-22,
2025-07-23,
2025-07-24,
2025-07-25,
2025-07-26,
2025-07-27,
2025-07-28,
2025-07-29,
2025-07-30,
2025-07-31,
2025-08-01,
2025-08-02,
2025-08-03,
2025-08-04,
2025-08-05,
2025-08-06,
2025-08-07,
2025-08-08,
2025-08-09,
2025-08-10,
2025-08-11,
2025-08-12,
2025-08-13,
2025-08-14,
2025-08-15,
2025-08-16,
2025-08-17,
2025-08-18,
2025-08-19,
2025-08-20,
2025-08-21,
2025-08-22,
2025-08-23,
2025-08-24,
2025-08-25,
2025-08-26,
2025-08-27,
2025-08-28,
2025-08-29,
2025-08-30,
2025-08-31,
2025-09-01,
2025-09-02,
2025-09-03,
2025-09-04,
2025-09-05,
2025-09-06,
2025-09-07,
2025-09-08,
2025-09-09,
2025-09-10,
2025-09-11,
2025-09-12,
2025-09-13,
2025-09-14,
2025-09-15,
2025-09-16,
2025-09-17,
2025-09-18,
2025-09-19,
2025-09-20,
2025-09-21,
2025-09-22,
2025-09-23,
2025-09-24,
2025-09-25,
2025-09-26,
2025-09-27,
2025-09-28,
2025-09-29,
2025-09-30,
2025-10-01,
2025-10-02,
2025-10-03,
2025-10-04,
2025-10-05,
2025-10-06,
2025-10-07,
2025-10-08,
2025-10-09,
2025-10-10,
2025-10-11,
2025-10-12,
2025-10-13,
2025-10-14,
2025-10-15,
2025-10-16,
2025-10-17,
2025-10-18,
2025-10-19,
2025-10-20,
2025-10-21,
2025-10-22,
2025-10-23,
2025-10-24,
2025-10-25,
2025-10-26,
2025-10-27,
2025-10-28,
2025-10-29,
2025-10-30,
2025-10-31,
2025-11-01,
2025-11-02,
2025-11-03,
2025-11-04,
2025-11-05,
2025-11-06,
2025-11-07,
2025-11-08,
2025-11-09,
2025-11-10,
2025-11-11,
2025-11-12,
2025-11-13,
2025-11-14,
2025-11-15,
2025-11-16,
2025-11-17,
2025-11-18,
2025-11-19,
2025-11-20,
2025-11-21,
2025-11-22,
2025-11-23,
2025-11-24,
2025-11-25,
2025-11-26,
2025-11-27,
2025-11-28,
2025-11-29,
2025-11-30,
2025-12-01,
2025-12-02,
2025-12-03,
2025-12-04,
2025-12-05,
2025-12-06,
2025-12-07,
2025-12-08,
2025-12-09,
2025-12-10,
2025-12-11,
2025-12-12,
2025-12-13,
2025-12-14,
2025-12-15,
2025-12-16,
2025-12-17,
2025-12-18,
2025-12-19,
2025-12-20,
2025-12-21,
2025-12-22,
2025-12-23,
2025-12-24,
2025-12-25,
2025-12-26,
2025-12-27,
2025-12-28,
2025-12-29,
2025-12-30,
2025-12-31,
