date,visser_adjusted_kwh
2018-01-01,2.653020305620818
2018-01-02,2.1760098846357248
2018-01-03,1.6731086865618738
2018-01-04,1.0098267009047597
2018-01-05,3.46615228387284
2018-01-06,1.60370529124442
2018-01-07,2.787255690358941
2018-01-08,1.0160789584866627
2018-01-09,0.1412798077950806
2018-01-10,1.4711889787382249
2018-01-11,2.6548529977793276
2018-01-12,8.78156892260148
2018-01-13,2.1803456841055957
2018-01-14,1.5457041453114624
2018-01-15,2.3103250779019797
2018-01-16,2.3254961647617
2018-01-17,2.357100515968994
2018-01-18,1.548932533389536
2018-01-19,1.9231561272694517
2018-01-20,0.8717328582253104
2018-01-21,0.47316214424368347
2018-01-22,0.996753210983055
2018-01-23,2.570719856767659
2018-01-24,1.9609633513231848
2018-01-25,0.1977187335342456
2018-01-26,0.32394871012975684
2018-01-27,1.799100199957736
2018-01-28,3.024059175392048
2018-01-29,1.2637380472429205
2018-01-30,3.906100141357244
2018-01-31,6.520563182913174
2018-02-01,4.6168959440254
2018-02-02,1.198878791859202
2018-02-03,5.475312870436627
2018-02-04,2.986619860831026
2018-02-05,3.465917061289887
2018-02-06,3.2660650723914078
2018-02-07,1.1370696953564892
2018-02-08,1.9878562520241618
2018-02-09,3.881861661478537
2018-02-10,1.7840274846927435
2018-02-11,3.752285808741231
2018-02-12,3.8044697870464033
2018-02-13,0.49212883370023586
2018-02-14,2.554883605177602
2018-02-15,4.147901278267675
2018-02-16,2.6751056432874933
2018-02-17,3.1665897709364073
2018-02-18,3.071063889523215
2018-02-19,3.319339407022428
2018-02-20,2.7288937545033694
2018-02-21,5.485759997344982
2018-02-22,8.408549005057264
2018-02-23,3.358837596244288
2018-02-24,8.253956240684266
2018-02-25,10.20867844883179
2018-02-26,12.952461706319744
2018-02-27,18.639861234406037
2018-02-28,32.549716974959644
2018-03-01,26.75896733268451
2018-03-02,12.219104880175685
2018-03-03,9.38854965060541
2018-03-04,41.67158642662391
2018-03-05,51.00305267788288
2018-03-06,59.794854111135926
2018-03-07,69.8977808888401
2018-03-08,60.05093413236221
2018-03-09,14.364186142554692
2018-03-10,53.24552951247095
2018-03-11,35.949440859361964
2018-03-12,67.2128207240215
2018-03-13,47.49663709628208
2018-03-14,6.300894860040608
2018-03-15,2.056328197965956
2018-03-16,3.7179296282294585
2018-03-17,0.8867911901135573
2018-03-18,2.44092008641869
2018-03-19,5.346665075481877
2018-03-20,10.305862237114091
2018-03-21,9.781420636541219
2018-03-22,3.0503132269934357
2018-03-23,15.60003330495407
2018-03-24,39.117489883902586
2018-03-25,31.212885897930896
2018-03-26,63.59204907674423
2018-03-27,21.44969649931388
2018-03-28,52.20741388709004
2018-03-29,62.00281220379596
2018-03-30,63.14173914875759
2018-03-31,78.23661455583895
2018-04-01,88.39850192066004
2018-04-02,88.2576654231734
2018-04-03,82.72057245670662
2018-04-04,50.03407087292489
2018-04-05,75.36922053508485
2018-04-06,63.920784018176555
2018-04-07,47.86924463366542
2018-04-08,43.42945677372289
2018-04-09,49.7556065822385
2018-04-10,40.35616226493023
2018-04-11,17.866968382639936
2018-04-12,12.994259314357343
2018-04-13,52.70858634317237
2018-04-14,57.67563813911295
2018-04-15,21.69175588816881
2018-04-16,4.739208260417324
2018-04-17,32.17284764865823
2018-04-18,64.7192027433484
2018-04-19,72.57886793658952
2018-04-20,59.979929165267734
2018-04-21,5.854775080517922
2018-04-22,48.71627042404239
2018-04-23,96.6782566208744
2018-04-24,71.46557567977081
2018-04-25,83.869822043737
2018-04-26,95.61474616204256
2018-04-27,98.94564059116551
2018-04-28,92.32626582889469
2018-04-29,23.97039947180597
2018-04-30,81.25482217542755
2018-05-01,57.0069646386183
2018-05-02,56.28905216016679
2018-05-03,69.38500236060557
2018-05-04,75.37861326696992
2018-05-05,91.55808643273959
2018-05-06,86.51587279394951
2018-05-07,87.51551638228588
2018-05-08,81.22738466827337
2018-05-09,59.90076318612425
2018-05-10,9.136034074951857
2018-05-11,84.11147561610187
2018-05-12,91.54151206703699
2018-05-13,94.94905244780752
2018-05-14,83.46427082257816
2018-05-15,89.77799487116519
2018-05-16,78.60992062640422
2018-05-17,29.289990224670486
2018-05-18,66.49900250406122
2018-05-19,102.77284675399972
2018-05-20,95.65276478059467
2018-05-21,80.84445165904812
2018-05-22,80.9977570859587
2018-05-23,86.37281833668949
2018-05-24,51.00904331076303
2018-05-25,86.6138690290487
2018-05-26,92.60553565367987
2018-05-27,81.78235036108242
2018-05-28,83.46972081717804
2018-05-29,55.52893566439204
2018-05-30,3.737612249265068
2018-05-31,19.607963304452653
2018-06-01,10.261608242400667
2018-06-02,76.10850296119419
2018-06-03,76.58804450525254
2018-06-04,72.0110604432487
2018-06-05,72.01399852237996
2018-06-06,77.37709023225877
2018-06-07,82.18129184179764
2018-06-08,75.73664143331587
2018-06-09,39.11836078838289
2018-06-10,2.7295867205899746
2018-06-11,9.827117973346892
2018-06-12,54.44837240859534
2018-06-13,66.71285411307068
2018-06-14,72.13135823513846
2018-06-15,60.56930923690673
2018-06-16,71.85157593555581
2018-06-17,91.53827525276634
2018-06-18,92.92042454759884
2018-06-19,89.2954461616278
2018-06-20,81.58499746145922
2018-06-21,71.5200543899806
2018-06-22,57.0819167230184
2018-06-23,37.13354524542511
2018-06-24,74.92627990790326
2018-06-25,64.49578733660894
2018-06-26,41.194291408010415
2018-06-27,71.02897831082277
2018-06-28,66.76635122702936
2018-06-29,68.68992852491252
2018-06-30,47.040038679726635
2018-07-01,85.38866035985534
2018-07-02,28.10936315724889
2018-07-03,35.7978505915602
2018-07-04,48.05457785193087
2018-07-05,80.03855296273078
2018-07-06,81.76053802906269
2018-07-07,56.8591838203794
2018-07-08,58.88170788460328
2018-07-09,80.89192703304032
2018-07-10,18.23461511382256
2018-07-11,78.93275154432177
2018-07-12,70.40747850411492
2018-07-13,28.822250678125755
2018-07-14,32.38753245771452
2018-07-15,81.3487960239774
2018-07-16,82.4520586328997
2018-07-17,82.39305875798806
2018-07-18,44.00274327407053
2018-07-19,64.1453786878287
2018-07-20,51.23825299441031
2018-07-21,57.70844739905036
2018-07-22,57.49014234954524
2018-07-23,36.37449512036296
2018-07-24,45.28614921613383
2018-07-25,51.3190974859954
2018-07-26,69.22085115734669
2018-07-27,73.725859064638
2018-07-28,72.15590959725264
2018-07-29,76.42839676514447
2018-07-30,74.3574238348018
2018-07-31,54.38478136427665
2018-08-01,71.49482735229572
2018-08-02,67.67755974387941
2018-08-03,19.702473772309702
2018-08-04,13.8284135295594
2018-08-05,70.16427561243611
2018-08-06,77.28429969746414
2018-08-07,73.14637551851948
2018-08-08,80.24511529002913
2018-08-09,78.77472902222064
2018-08-10,80.04509146926932
2018-08-11,38.34989474648433
2018-08-12,2.2302062434177183
2018-08-13,67.31611497891622
2018-08-14,69.84563258128937
2018-08-15,59.44464712905479
2018-08-16,63.84316090405438
2018-08-17,73.79419050248922
2018-08-18,81.72919783555099
2018-08-19,68.79462107771708
2018-08-20,78.05163808441152
2018-08-21,80.11965721049867
2018-08-22,80.38863139648414
2018-08-23,62.97414045941424
2018-08-24,7.5423851614892445
2018-08-25,64.32776288501385
2018-08-26,34.03488925626687
2018-08-27,23.75049062509212
2018-08-28,57.71175326580613
2018-08-29,17.09132227204793
2018-08-30,45.487490146597324
2018-08-31,55.337228258439346
2018-09-01,48.47902348547475
2018-09-02,64.82596934397625
2018-09-03,24.46405546683308
2018-09-04,25.358919813838895
2018-09-05,75.14717285513653
2018-09-06,70.0511618788547
2018-09-07,79.70729984627268
2018-09-08,12.550025064578653
2018-09-09,9.807195803986057
2018-09-10,1.8889510827781504
2018-09-11,19.299550613797205
2018-09-12,3.2857746855182692
2018-09-13,7.2575843184194095
2018-09-14,14.472023171540231
2018-09-15,1.2790644176837256
2018-09-16,2.0087539951977407
2018-09-17,6.469506352937267
2018-09-18,39.29845187203976
2018-09-19,67.09586942583769
2018-09-20,36.87720759405334
2018-09-21,5.372976530900575
2018-09-22,3.911009487796432
2018-09-23,47.906962540167534
2018-09-24,20.983144820190475
2018-09-25,67.50137573896795
2018-09-26,4.523222042066671
2018-09-27,42.142139930575404
2018-09-28,15.215045493345777
2018-09-29,27.039647827643638
2018-09-30,34.9587125060329
2018-10-01,15.50235645934854
2018-10-02,26.0665359966859
2018-10-03,60.12642383343632
2018-10-04,54.254050819352805
2018-10-05,54.46090817111352
2018-10-06,30.899170696163928
2018-10-07,18.728953030258022
2018-10-08,5.209757869992441
2018-10-09,10.383933621913044
2018-10-10,7.42142359195784
2018-10-11,41.61173324197278
2018-10-12,1.4531304834083354
2018-10-13,18.932925756746496
2018-10-14,43.050700206020124
2018-10-15,31.453246486953553
2018-10-16,65.13647313551887
2018-10-17,64.31107162687321
2018-10-18,33.595407538016524
2018-10-19,64.09224321148012
2018-10-20,59.644714988884765
2018-10-21,68.3870416552147
2018-10-22,66.85011391297412
2018-10-23,65.58468360369386
2018-10-24,48.09615898757157
2018-10-25,54.38279942498959
2018-10-26,45.138692141316646
2018-10-27,55.16403571904775
2018-10-28,4.320989118360545
2018-10-29,21.38971483061213
2018-10-30,16.508349622648073
2018-10-31,15.295916382425936
2018-11-01,11.786153920989058
2018-11-02,1.435347758527518
2018-11-03,29.16951742883204
2018-11-04,1.5396797590532927
2018-11-05,9.860703421749347
2018-11-06,5.937380939999485
2018-11-07,31.587974313893202
2018-11-08,16.062445652774247
2018-11-09,2.895670041194262
2018-11-10,22.551204996920575
2018-11-11,21.46520492435565
2018-11-12,18.52707846555149
2018-11-13,39.62853032852589
2018-11-14,33.03211414845686
2018-11-15,3.6875459002424575
2018-11-16,18.14154531520094
2018-11-17,25.59306803198084
2018-11-18,4.110682124175074
2018-11-19,15.273711294128908
2018-11-20,15.860921052067049
2018-11-21,12.456543962871988
2018-11-22,7.291911495528101
2018-11-23,1.8755763102217369
2018-11-24,3.2556571449532012
2018-11-25,17.940371226651305
2018-11-26,4.538081679284241
2018-11-27,1.77116383633365
2018-11-28,31.486603585340173
2018-11-29,32.62146775005419
2018-11-30,30.555145342267913
2018-12-01,2.3506260719164764
2018-12-02,2.2276541670702663
2018-12-03,21.563475586301127
2018-12-04,24.949442778956875
2018-12-05,15.111415089473688
2018-12-06,48.6904670359922
2018-12-07,21.92973795826621
2018-12-08,47.493595891102316
2018-12-09,44.56786242097981
2018-12-10,4.775267749058893
2018-12-11,17.108581078254982
2018-12-12,27.82820389256068
2018-12-13,21.57596693918296
2018-12-14,9.817851883771404
2018-12-15,33.532854142644766
2018-12-16,16.885250175170103
2018-12-17,22.75815686936132
2018-12-18,35.36646703014266
2018-12-19,19.55294968641058
2018-12-20,2.5825865160227117
2018-12-21,15.75048161981654
2018-12-22,37.95000900837719
2018-12-23,11.178091598404405
2018-12-24,3.5953666410598184
2018-12-25,7.221309770972079
2018-12-26,4.685447753155105
2018-12-27,4.834963197951075
2018-12-28,8.33632756977927
2018-12-29,0.848879019213273
2018-12-30,7.108284545619691
2018-12-31,26.791742575911407
2019-01-01,14.345324420264786
2019-01-02,17.643921363168364
2019-01-03,2.480492644960582
2019-01-04,1.0475477286511234
2019-01-05,2.863618969207804
2019-01-06,1.7789626753825343
2019-01-07,17.208243684025696
2019-01-08,39.876968475721746
2019-01-09,11.812393834412036
2019-01-10,1.7441967161988845
2019-01-11,21.69081902625414
2019-01-12,28.86913720771438
2019-01-13,23.08756472856916
2019-01-14,31.217018294433842
2019-01-15,4.401311852259106
2019-01-16,2.358762291519737
2019-01-17,15.239810014049727
2019-01-18,15.04297365301919
2019-01-19,4.218189226331093
2019-01-20,22.97875917951874
2019-01-21,1.9316096516211343
2019-01-22,3.288604534597322
2019-01-23,2.9626042884985027
2019-01-24,2.191943683809763
2019-01-25,2.786812294933321
2019-01-26,2.469608423672713
2019-01-27,2.144142840994617
2019-01-28,3.207928005400902
2019-01-29,6.041140404116633
2019-01-30,0.20043669907272715
2019-01-31,0.5011673343567956
2019-02-01,0.451196582562357
2019-02-02,2.222004512409628
2019-02-03,1.063664805734379
2019-02-04,1.7104351329387748
2019-02-05,2.8601687902341877
2019-02-06,7.628067229702808
2019-02-07,6.643684353514967
2019-02-08,7.209743992484716
2019-02-09,9.709616802363271
2019-02-10,9.364215219768147
2019-02-11,3.952371704898812
2019-02-12,11.046892626767743
2019-02-13,3.892033443332708
2019-02-14,4.039958709018312
2019-02-15,1.5332588836705445
2019-02-16,0.99129511924269
2019-02-17,1.8695037487088344
2019-02-18,4.088742042382637
2019-02-19,2.1145292145016485
2019-02-20,1.1188207072220222
2019-02-21,3.9717232333444707
2019-02-22,1.4226184160225037
2019-02-23,2.760422463710764
2019-02-24,3.8705515577980685
2019-02-25,4.345511256662728
2019-02-26,4.567219331402164
2019-02-27,3.960127948414222
2019-02-28,2.512734446982795
2019-03-01,4.239683147203928
2019-03-02,4.666694388111459
2019-03-03,4.699159923147869
2019-03-04,4.6002510875154465
2019-03-05,4.499376859005857
2019-03-06,3.0359620398087994
2019-03-07,3.249214206337848
2019-03-08,1.1469267976848565
2019-03-09,4.313464548343429
2019-03-10,4.5871898963579145
2019-03-11,3.5808749686737045
2019-03-12,4.074289670453354
2019-03-13,4.453034885997213
2019-03-14,4.512491213081318
2019-03-15,5.316088114158362
2019-03-16,16.8373563212971
2019-03-17,17.36551680583317
2019-03-18,19.26602394980604
2019-03-19,19.486473120708677
2019-03-20,22.778064293014975
2019-03-21,36.125065310973284
2019-03-22,47.694093868316095
2019-03-23,48.47180961676074
2019-03-24,14.078444241835495
2019-03-25,13.239884069754313
2019-03-26,16.681024541345572
2019-03-27,37.49815521548836
2019-03-28,38.895941157987046
2019-03-29,39.1525993504905
2019-03-30,43.91341922749965
2019-03-31,21.195565025126925
2019-04-01,24.19120990054665
2019-04-02,28.012853791316246
2019-04-03,33.71423274858411
2019-04-04,12.902535609375075
2019-04-05,24.023114638739468
2019-04-06,4.05951503748484
2019-04-07,41.43416599425591
2019-04-08,44.97613365528928
2019-04-09,34.45211477873798
2019-04-10,14.592710800305868
2019-04-11,15.727366461206861
2019-04-12,22.289424330335546
2019-04-13,32.757142417138276
2019-04-14,18.776520793193
2019-04-15,20.10950738955683
2019-04-16,40.12763453145029
2019-04-17,45.92224747022844
2019-04-18,25.66869500547212
2019-04-19,30.515115186994038
2019-04-20,58.36592846785436
2019-04-21,53.649861293143815
2019-04-22,38.01198162998491
2019-04-23,77.23047769443205
2019-04-24,36.893202460452194
2019-04-25,61.94065019247902
2019-04-26,58.207472936873444
2019-04-27,16.483600581135093
2019-04-28,50.59783624386866
2019-04-29,56.57396140050968
2019-04-30,41.09006026034396
2019-05-01,50.37596835369428
2019-05-02,60.330252568913956
2019-05-03,22.182673857340685
2019-05-04,69.09236901126275
2019-05-05,59.504572126852686
2019-05-06,51.231655383427785
2019-05-07,29.897794533126095
2019-05-08,69.37348436777646
2019-05-09,55.523175058211706
2019-05-10,73.07999839884121
2019-05-11,89.09943662557902
2019-05-12,95.75553234867782
2019-05-13,84.55641520869625
2019-05-14,32.636175677292705
2019-05-15,6.18297736944052
2019-05-16,47.80946941054828
2019-05-17,92.48067934194225
2019-05-18,68.77218165890396
2019-05-19,105.61599931268168
2019-05-20,83.74931344479702
2019-05-21,63.68843331569393
2019-05-22,57.71581113265888
2019-05-23,21.399735652825854
2019-05-24,27.139724579423078
2019-05-25,68.58645887422243
2019-05-26,87.60868421596808
2019-05-27,90.64983901418199
2019-05-28,92.30088772157316
2019-05-29,91.00244682215806
2019-05-30,53.81694757359211
2019-05-31,74.70024114508631
2019-06-01,73.34180933856118
2019-06-02,38.970993328331275
2019-06-03,53.70584017737756
2019-06-04,49.60823891591928
2019-06-05,54.806588587649806
2019-06-06,18.21640760641461
2019-06-07,1.7718830454157177
2019-06-08,60.02234361110363
2019-06-09,62.63116154698061
2019-06-10,49.877425712105776
2019-06-11,66.59375705513757
2019-06-12,80.05417268112366
2019-06-13,55.636613942894336
2019-06-14,50.62331189396005
2019-06-15,64.85039697830763
2019-06-16,70.91907378942405
2019-06-17,88.6573524517097
2019-06-18,46.04607457888944
2019-06-19,2.3857539660962894
2019-06-20,11.485019706138461
2019-06-21,42.06244573741647
2019-06-22,49.28522440901918
2019-06-23,63.46301428527476
2019-06-24,19.95428286650259
2019-06-25,29.88797547170374
2019-06-26,55.044743446759426
2019-06-27,26.584615649111896
2019-06-28,58.08622572794958
2019-06-29,59.8396944138761
2019-06-30,76.79505317265149
2019-07-01,15.881682209747789
2019-07-02,47.346579622001585
2019-07-03,44.99067963980079
2019-07-04,49.17350964577586
2019-07-05,37.91025652909447
2019-07-06,13.622943404437944
2019-07-07,26.763525885137533
2019-07-08,34.61414264231468
2019-07-09,17.442780260815653
2019-07-10,19.192898456352335
2019-07-11,40.8934195214924
2019-07-12,84.57320566162817
2019-07-13,67.93995644115334
2019-07-14,58.80762974160591
2019-07-15,64.74675713545443
2019-07-16,47.31190683228013
2019-07-17,76.43796600902236
2019-07-18,17.205840204110043
2019-07-19,18.1624352664895
2019-07-20,50.32806265764667
2019-07-21,82.74462362341296
2019-07-22,90.5535574290753
2019-07-23,79.82924178511053
2019-07-24,35.25941465429168
2019-07-25,34.78601007500891
2019-07-26,82.1846961241801
2019-07-27,23.436754151910897
2019-07-28,52.706893620638816
2019-07-29,56.243009990109364
2019-07-30,36.19646938554837
2019-07-31,46.78973426465125
2019-08-01,39.910946400015014
2019-08-02,53.37944153351744
2019-08-03,63.95716456163016
2019-08-04,70.4555837522999
2019-08-05,59.839491479013944
2019-08-06,29.051746640811142
2019-08-07,51.9696505066315
2019-08-08,62.926884549545534
2019-08-09,14.032488084002933
2019-08-10,13.534011151577177
2019-08-11,4.750620518624724
2019-08-12,7.076663823513482
2019-08-13,39.56134585414591
2019-08-14,85.89959872907836
2019-08-15,61.315749683564796
2019-08-16,27.709968153180608
2019-08-17,43.24148815992953
2019-08-18,26.14093178557119
2019-08-19,16.309557200906198
2019-08-20,83.56657229572573
2019-08-21,77.22782829460364
2019-08-22,40.46248875644575
2019-08-23,19.361982051450138
2019-08-24,51.9191013618812
2019-08-25,74.38369002201392
2019-08-26,60.380480802934265
2019-08-27,50.280114753716774
2019-08-28,80.25771732549057
2019-08-29,45.46434517053333
2019-08-30,6.952054341118196
2019-08-31,10.028076386956023
2019-09-01,13.24274724017419
2019-09-02,58.556335078083386
2019-09-03,80.72552052280105
2019-09-04,62.00006301651441
2019-09-05,72.0504356707148
2019-09-06,18.235431170465336
2019-09-07,47.23237152210762
2019-09-08,1.5561520842666896
2019-09-09,3.875486431316805
2019-09-10,2.841000144682818
2019-09-11,13.49067834248437
2019-09-12,82.33274726934648
2019-09-13,38.22093794378327
2019-09-14,38.72093017959351
2019-09-15,64.81110567170535
2019-09-16,31.20901726801541
2019-09-17,37.61096906760208
2019-09-18,54.27214878358904
2019-09-19,64.38450573803317
2019-09-20,53.89512427135027
2019-09-21,42.785644164150085
2019-09-22,72.7367035844842
2019-09-23,46.663534066476316
2019-09-24,55.704778816100614
2019-09-25,47.02694411452817
2019-09-26,7.8391211985890505
2019-09-27,12.298138352377544
2019-09-28,26.580660656793288
2019-09-29,15.444695635221183
2019-09-30,16.82273121924463
2019-10-01,75.20981092374308
2019-10-02,52.250585392319955
2019-10-03,80.88393089757459
2019-10-04,14.748478710608428
2019-10-05,25.85628306472445
2019-10-06,68.39312091335995
2019-10-07,33.14494146077151
2019-10-08,23.892186321760818
2019-10-09,36.098728829803946
2019-10-10,73.56077853595208
2019-10-11,70.92724963637107
2019-10-12,56.73331799687882
2019-10-13,7.302550049017632
2019-10-14,5.157657303295941
2019-10-15,5.285165587983834
2019-10-16,61.971736788040644
2019-10-17,29.796625693533958
2019-10-18,39.869836945558355
2019-10-19,66.72990674371187
2019-10-20,27.95406220505102
2019-10-21,23.15860280829632
2019-10-22,18.411923272111274
2019-10-23,33.37751992648382
2019-10-24,22.226431200696762
2019-10-25,8.0927205774039
2019-10-26,27.79087670855333
2019-10-27,14.37670950558047
2019-10-28,13.32186474364582
2019-10-29,60.3691188309109
2019-10-30,15.458837632201085
2019-10-31,13.687727436437171
2019-11-01,28.41502489442088
2019-11-02,13.684175486143824
2019-11-03,16.268240964953286
2019-11-04,5.718115324775838
2019-11-05,14.998711204511693
2019-11-06,47.10180595272154
2019-11-07,13.945506107054584
2019-11-08,4.197394609753614
2019-11-09,3.0794222746449376
2019-11-10,25.928208497956994
2019-11-11,28.410689745009666
2019-11-12,1.1393951659978119
2019-11-13,15.539171175369896
2019-11-14,1.2346404900817847
2019-11-15,2.282460860908478
2019-11-16,12.571283473262595
2019-11-17,22.36606407356739
2019-11-18,21.48028374995006
2019-11-19,3.2923818125223296
2019-11-20,10.261026925707036
2019-11-21,15.995334720526968
2019-11-22,30.2561398205448
2019-11-23,41.66777677780066
2019-11-24,9.978784664659834
2019-11-25,26.165344301910057
2019-11-26,6.649030888224534
2019-11-27,16.59202499472969
2019-11-28,30.288246528263127
2019-11-29,6.6307872816647935
2019-11-30,31.645841947540926
2019-12-01,44.01857073154059
2019-12-02,31.240903507027898
2019-12-03,17.07099806605013
2019-12-04,1.2907506633283683
2019-12-05,18.317956670423985
2019-12-06,12.35731707031441
2019-12-07,3.295506556085638
2019-12-08,18.056942284247835
2019-12-09,14.74257053387522
2019-12-10,5.396234640224263
2019-12-11,4.6246196982943095
2019-12-12,4.017862762591492
2019-12-13,6.890256390955915
2019-12-14,26.787858584950513
2019-12-15,17.251468935622967
2019-12-16,20.622982960503045
2019-12-17,13.427450445043883
2019-12-18,12.072009078431897
2019-12-19,2.716979950110338
2019-12-20,6.626410708981412
2019-12-21,1.0191535540712295
2019-12-22,23.732699463162287
2019-12-23,5.605437560799147
2019-12-24,3.482964788668133
2019-12-25,38.37210172722196
2019-12-26,36.021250406620965
2019-12-27,28.43132903515784
2019-12-28,34.46125417264973
2019-12-29,25.98152529881441
2019-12-30,29.80766249777742
2019-12-31,3.689444687910087
2020-01-01,3.9606982225447087
2020-01-02,2.4582957740045717
2020-01-03,1.3282563061275063
2020-01-04,2.295816374922941
2020-01-05,13.761141869597195
2020-01-06,13.446402162810097
2020-01-07,2.971951595423134
2020-01-08,2.726955032590521
2020-01-09,6.108205446714089
2020-01-10,5.988749929205169
2020-01-11,6.102462194339724
2020-01-12,20.648877764694678
2020-01-13,8.444118826998892
2020-01-14,24.19737411576516
2020-01-15,23.17023921514714
2020-01-16,2.777405655697838
2020-01-17,11.03185730324984
2020-01-18,11.568502838648008
2020-01-19,2.8243320349703387
2020-01-20,1.1731432296902882
2020-01-21,3.0607777089721013
2020-01-22,0.36375028925942976
2020-01-23,1.831902260204768
2020-01-24,1.6564516333089698
2020-01-25,4.758308705443283
2020-01-26,2.1801666309259073
2020-01-27,2.254293450482732
2020-01-28,3.6506139692219977
2020-01-29,2.2868951634340497
2020-01-30,6.739795287007152
2020-01-31,4.042262728900173
2020-02-01,0.4219147170933889
2020-02-02,6.937321467383418
2020-02-03,6.486019392792398
2020-02-04,5.033812319565245
2020-02-05,5.776637828708479
2020-02-06,4.6892620183349125
2020-02-07,2.930937043938643
2020-02-08,2.458635875912647
2020-02-09,1.2661654008062386
2020-02-10,3.35522758896711
2020-02-11,0.43690883170182127
2020-02-12,2.593424185563438
2020-02-13,0.6121522025690572
2020-02-14,2.3048561718255494
2020-02-15,1.475006873623758
2020-02-16,1.6704073342191204
2020-02-17,2.5835835809527286
2020-02-18,3.9999148524337778
2020-02-19,3.57805425588906
2020-02-20,3.4746578237470684
2020-02-21,2.8280757670130305
2020-02-22,2.7916925404070403
2020-02-23,3.5334336533511084
2020-02-24,3.8340826054020587
2020-02-25,3.5261633978931806
2020-02-26,2.4179848546951503
2020-02-27,3.8279748077430398
2020-02-28,2.1957667103580563
2020-02-29,0.40506423426001215
2020-03-01,3.4253204624754097
2020-03-02,3.90827192726737
2020-03-03,4.036024968968025
2020-03-04,3.169051535255611
2020-03-05,2.685753404038379
2020-03-06,2.6181250763762898
2020-03-07,1.3025479651827856
2020-03-08,5.116956233095804
2020-03-09,11.302110295627594
2020-03-10,15.691917119289213
2020-03-11,37.04516577108697
2020-03-12,26.92828317420682
2020-03-13,50.649254979213076
2020-03-14,29.802852643705858
2020-03-15,65.59799862063893
2020-03-16,69.78823912078354
2020-03-17,30.110294091913953
2020-03-18,51.70805254871242
2020-03-19,53.26147397379857
2020-03-20,71.23302871778242
2020-03-21,72.48214229341058
2020-03-22,61.08015232306625
2020-03-23,38.16830751979524
2020-03-24,14.980057358958481
2020-03-25,62.45051000395797
2020-03-26,38.11572762946168
2020-03-27,60.60595163498403
2020-03-28,36.81645038163478
2020-03-29,28.58926707921234
2020-03-30,30.193614780706728
2020-03-31,66.08229481450167
2020-04-01,78.56437553995698
2020-04-02,103.9059179254854
2020-04-03,82.97936803629494
2020-04-04,90.81084011050156
2020-04-05,43.477330958684384
2020-04-06,96.33654222937363
2020-04-07,98.94996359070072
2020-04-08,102.89922408310731
2020-04-09,40.952889720245146
2020-04-10,96.87789747043225
2020-04-11,83.83671348338774
2020-04-12,91.5913236470768
2020-04-13,95.73912228269296
2020-04-14,44.64159121510086
2020-04-15,76.56102020594774
2020-04-16,90.84257504791495
2020-04-17,37.736234531733295
2020-04-18,71.78870747334022
2020-04-19,75.4869367625805
2020-04-20,86.42654381450326
2020-04-21,99.57105217233568
2020-04-22,58.645269332988974
2020-04-23,84.9939405014081
2020-04-24,80.34148197239466
2020-04-25,69.78421800224183
2020-04-26,74.64147280499195
2020-04-27,44.57820114616707
2020-04-28,90.78677876213088
2020-04-29,81.21877584058079
2020-04-30,32.153080759072026
2020-05-01,76.62151987025635
2020-05-02,97.06619935776908
2020-05-03,47.48783726570269
2020-05-04,10.588572575089172
2020-05-05,75.02729636834083
2020-05-06,87.70695502387144
2020-05-07,55.13648242469925
2020-05-08,55.48397427197115
2020-05-09,61.14388614869395
2020-05-10,46.40016769655032
2020-05-11,49.51037857303884
2020-05-12,67.92852929764231
2020-05-13,92.00295688025298
2020-05-14,71.13675858854485
2020-05-15,72.72681875723676
2020-05-16,80.96264567229274
2020-05-17,68.67513926251956
2020-05-18,49.02066513501881
2020-05-19,29.10718076397625
2020-05-20,44.286147251830414
2020-05-21,1.4414082564373718
2020-05-22,9.62907376147395
2020-05-23,29.01852355700327
2020-05-24,86.49557267919869
2020-05-25,45.66889231275587
2020-05-26,35.858704509732426
2020-05-27,63.24108272324955
2020-05-28,78.97629521936116
2020-05-29,41.26416633783179
2020-05-30,76.04399059932848
2020-05-31,45.82523554103128
2020-06-01,75.35973130448892
2020-06-02,84.34965506289731
2020-06-03,56.19426716729502
2020-06-04,60.4794972164776
2020-06-05,79.56610572810123
2020-06-06,4.186922146849195
2020-06-07,2.8459789119632783
2020-06-08,46.47241350815793
2020-06-09,76.5430423636764
2020-06-10,77.28191233861745
2020-06-11,70.4622073389899
2020-06-12,70.0993732528981
2020-06-13,27.242498555523998
2020-06-14,24.93353989418501
2020-06-15,31.089399070268865
2020-06-16,66.34279095116271
2020-06-17,6.042639744858488
2020-06-18,49.86466798355771
2020-06-19,87.27233204281805
2020-06-20,93.62833627997811
2020-06-21,33.1367457200779
2020-06-22,67.91874932141569
2020-06-23,61.80529913863613
2020-06-24,33.72447805097919
2020-06-25,81.44528708844776
2020-06-26,22.607738106958482
2020-06-27,35.6760596940091
2020-06-28,27.077545310817257
2020-06-29,32.08211412479272
2020-06-30,6.067153796554701
2020-07-01,14.646680721508169
2020-07-02,39.083872614889934
2020-07-03,81.84670499388653
2020-07-04,53.97950294279945
2020-07-05,51.197206963775464
2020-07-06,77.67176229146192
2020-07-07,21.907494050525592
2020-07-08,10.669403447962464
2020-07-09,63.64405525619032
2020-07-10,81.59104048419687
2020-07-11,81.27656022107499
2020-07-12,62.45804173162897
2020-07-13,59.13618716349455
2020-07-14,69.50724754786809
2020-07-15,51.50486702116176
2020-07-16,47.07522204986853
2020-07-17,75.04997553059174
2020-07-18,49.76567014178512
2020-07-19,39.69855769958837
2020-07-20,73.93665033507001
2020-07-21,38.93676018945656
2020-07-22,51.06723904348775
2020-07-23,21.320515141689132
2020-07-24,31.937017194455414
2020-07-25,60.47843605920259
2020-07-26,84.13067603968886
2020-07-27,87.02596188028649
2020-07-28,82.75962624853756
2020-07-29,76.42336192682305
2020-07-30,60.932964411959325
2020-07-31,74.74239490968134
2020-08-01,81.29152288828053
2020-08-02,83.69605086200636
2020-08-03,31.7818596474495
2020-08-04,84.74155483565285
2020-08-05,85.70911794363477
2020-08-06,70.96668895105054
2020-08-07,3.105340512447204
2020-08-08,51.193130086476394
2020-08-09,83.22847108540597
2020-08-10,91.19077857012269
2020-08-11,59.13996831662779
2020-08-12,65.41947078572053
2020-08-13,65.860922358185
2020-08-14,66.69236187937867
2020-08-15,34.47653609618805
2020-08-16,85.09229611635375
2020-08-17,61.44278716679643
2020-08-18,79.46668195307046
2020-08-19,72.91035154746754
2020-08-20,33.59951776983973
2020-08-21,58.704392085507614
2020-08-22,32.73170085547391
2020-08-23,81.99623018263772
2020-08-24,44.28113477106836
2020-08-25,70.41243277464541
2020-08-26,73.20305615428505
2020-08-27,69.20468458324474
2020-08-28,67.8446743397485
2020-08-29,42.87457551544095
2020-08-30,84.52960330502384
2020-08-31,44.54289167604862
2020-09-01,65.67685060651463
2020-09-02,61.54940988269725
2020-09-03,45.724793089083995
2020-09-04,44.131093313873116
2020-09-05,41.32059568941841
2020-09-06,27.857662431142703
2020-09-07,41.47736869530264
2020-09-08,44.33353199630868
2020-09-09,62.09781128240928
2020-09-10,74.27219791746852
2020-09-11,64.02405385488514
2020-09-12,10.968118292613545
2020-09-13,16.13365182686211
2020-09-14,12.081774881505783
2020-09-15,4.755757260752909
2020-09-16,68.16032614630168
2020-09-17,73.48106130544336
2020-09-18,73.90368872630134
2020-09-19,23.13181242128887
2020-09-20,63.55635183936176
2020-09-21,59.06975688211635
2020-09-22,62.22041070659519
2020-09-23,52.73666968333123
2020-09-24,62.35857754636581
2020-09-25,67.32321748097615
2020-09-26,66.3127291292948
2020-09-27,39.64465678153342
2020-09-28,35.27844832552862
2020-09-29,59.15411700098084
2020-09-30,77.2795868607148
2020-10-01,41.12850189007182
2020-10-02,74.56801912573991
2020-10-03,70.6329377616251
2020-10-04,3.241979270380888
2020-10-05,15.26859253741955
2020-10-06,56.640691416447595
2020-10-07,34.05735602238411
2020-10-08,20.734574277870184
2020-10-09,11.184285510491572
2020-10-10,20.91418415218336
2020-10-11,29.662283102469704
2020-10-12,60.48362403686268
2020-10-13,24.68503028394579
2020-10-14,33.58088609496348
2020-10-15,37.799086924604204
2020-10-16,4.959103498040806
2020-10-17,19.343263647167586
2020-10-18,15.334916074954904
2020-10-19,21.889145028104327
2020-10-20,35.944198533157895
2020-10-21,29.732651349074835
2020-10-22,19.63800404592055
2020-10-23,23.22864640375531
2020-10-24,19.46671788082481
2020-10-25,49.48541170393594
2020-10-26,24.8839875698381
2020-10-27,4.647043580612938
2020-10-28,52.998917898676815
2020-10-29,34.699587217792725
2020-10-30,2.848390783616118
2020-10-31,29.599763194391812
2020-11-01,46.2866724334829
2020-11-02,25.147279217638452
2020-11-03,13.770036853418643
2020-11-04,35.082648870063835
2020-11-05,9.211612447049163
2020-11-06,13.521021484317883
2020-11-07,0.7948687212352943
2020-11-08,23.3407322336784
2020-11-09,10.642667624552258
2020-11-10,1.5189381200404242
2020-11-11,48.227349190889534
2020-11-12,37.408206586530504
2020-11-13,24.73949899710777
2020-11-14,14.6701795984909
2020-11-15,8.213631319054558
2020-11-16,10.341023067303926
2020-11-17,3.1155894021915302
2020-11-18,7.079621991550273
2020-11-19,10.06315268687818
2020-11-20,41.98478202870996
2020-11-21,34.858601565320285
2020-11-22,10.464622360210829
2020-11-23,11.407291564500294
2020-11-24,11.481305367900932
2020-11-25,38.333745358495094
2020-11-26,11.260839375979998
2020-11-27,24.83018419600976
2020-11-28,40.837324289381286
2020-11-29,18.981835097971082
2020-11-30,33.910642888037835
2020-12-01,47.05134163715174
2020-12-02,29.084119599817246
2020-12-03,43.29586835300688
2020-12-04,42.494156925310364
2020-12-05,23.57648351532418
2020-12-06,42.77715460802906
2020-12-07,11.45615336236749
2020-12-08,23.095563820490337
2020-12-09,44.30958659842718
2020-12-10,25.13357243299556
2020-12-11,3.941034617232732
2020-12-12,25.348865036955083
2020-12-13,34.98819598174776
2020-12-14,5.551143893209806
2020-12-15,6.603173262146954
2020-12-16,23.12776859553837
2020-12-17,2.464766414477893
2020-12-18,19.76847004607178
2020-12-19,28.67954172482996
2020-12-20,12.640528519211205
2020-12-21,4.80108646474853
2020-12-22,2.3478410462251027
2020-12-23,8.47723539868108
2020-12-24,11.587070174096977
2020-12-25,15.41519803555684
2020-12-26,3.971535708240742
2020-12-27,3.2920588208467896
2020-12-28,16.819959347776688
2020-12-29,43.85642697439352
2020-12-30,41.480461719378795
2020-12-31,11.273832614490228
2021-01-01,8.12716868958018
2021-01-02,8.358763840192134
2021-01-03,4.889097194379357
2021-01-04,7.327351650799303
2021-01-05,10.33611877786154
2021-01-06,3.0436125427080807
2021-01-07,9.898341955505304
2021-01-08,9.096668660975519
2021-01-09,9.786149813562535
2021-01-10,6.682471600271984
2021-01-11,7.786351760221159
2021-01-12,1.1936278199384518
2021-01-13,0.22922017234330727
2021-01-14,7.398788721202558
2021-01-15,6.246911222096886
2021-01-16,4.529384863920275
2021-01-17,0.557524150772544
2021-01-18,1.585684781323498
2021-01-19,0.686425579656581
2021-01-20,1.8039508889622922
2021-01-21,0.9070708061792128
2021-01-22,1.5088953078868517
2021-01-23,1.7881025151003345
2021-01-24,1.4294940863009513
2021-01-25,0.632844457080886
2021-01-26,1.0418564897560374
2021-01-27,0.3016130768027941
2021-01-28,1.5680670253987883
2021-01-29,2.6765512817464185
2021-01-30,0.9229266331011136
2021-01-31,2.292026032366683
2021-02-01,0.7001913252377825
2021-02-02,0.4628882704906303
2021-02-03,2.9455543010306435
2021-02-04,1.137887491039431
2021-02-05,0.7438879670922192
2021-02-06,2.373098715864956
2021-02-07,3.387920652948389
2021-02-08,3.96234826585742
2021-02-09,2.44894193236307
2021-02-10,2.9104400575090996
2021-02-11,3.600640604783016
2021-02-12,1.963279572043243
2021-02-13,4.207158992235438
2021-02-14,3.6273551806455733
2021-02-15,3.5634347666000132
2021-02-16,2.886873561555223
2021-02-17,3.8813902809656033
2021-02-18,3.715055977312466
2021-02-19,1.4033509021787507
2021-02-20,3.274413486248825
2021-02-21,0.7612079098184148
2021-02-22,3.6998802723264195
2021-02-23,2.530348754444836
2021-02-24,3.6487962989648652
2021-02-25,2.8430263826676683
2021-02-26,1.6999432356991124
2021-02-27,4.221317819147257
2021-02-28,1.0984482604731785
2021-03-01,1.4274147136778501
2021-03-02,2.707916158069418
2021-03-03,3.4015600412172406
2021-03-04,3.5580059873780066
2021-03-05,3.764142523430712
2021-03-06,0.804695103343572
2021-03-07,2.908217273194437
2021-03-08,1.7473365301890313
2021-03-09,2.5411456074912873
2021-03-10,2.886254126048332
2021-03-11,4.027287119019388
2021-03-12,5.4361908930439355
2021-03-13,13.202609516745751
2021-03-14,10.71031847406475
2021-03-15,14.648320625873836
2021-03-16,15.58602006715833
2021-03-17,14.693613168854528
2021-03-18,52.19170736066168
2021-03-19,76.44371585178902
2021-03-20,56.22428207520938
2021-03-21,54.88273468444858
2021-03-22,31.071841204249093
2021-03-23,67.64250814165523
2021-03-24,11.747256067676192
2021-03-25,45.30225759098542
2021-03-26,41.70493897457882
2021-03-27,45.30303817054621
2021-03-28,19.73668797254232
2021-03-29,43.28174170242803
2021-03-30,65.82246345321903
2021-03-31,66.23649731609632
2021-04-01,74.98655722126817
2021-04-02,42.86673930466382
2021-04-03,64.89004667778414
2021-04-04,46.10834071806704
2021-04-05,88.39676513141988
2021-04-06,70.83350999438056
2021-04-07,63.11173583446252
2021-04-08,59.42901220828053
2021-04-09,83.75131466238582
2021-04-10,33.905745173987846
2021-04-11,29.929439327567
2021-04-12,71.14969429453582
2021-04-13,86.78955162993215
2021-04-14,87.87952021924241
2021-04-15,92.913329394155
2021-04-16,89.86496300869989
2021-04-17,84.28727448424453
2021-04-18,54.059646394940096
2021-04-19,67.11994420191984
2021-04-20,98.49764877367105
2021-04-21,92.4729485354984
2021-04-22,45.872242851541145
2021-04-23,71.517345362209
2021-04-24,71.04221808855526
2021-04-25,99.24336644004926
2021-04-26,90.12884173388848
2021-04-27,29.987984760811447
2021-04-28,51.19985748967927
2021-04-29,39.07823361908567
2021-04-30,78.45344114949238
2021-05-01,64.53397676974696
2021-05-02,59.807529202997394
2021-05-03,97.46681525584012
2021-05-04,42.98742915142183
2021-05-05,75.64822542134219
2021-05-06,87.65989188510241
2021-05-07,7.362006565094112
2021-05-08,4.990254861043068
2021-05-09,63.18999079457054
2021-05-10,52.73631902605722
2021-05-11,59.61594011514185
2021-05-12,73.98424098795518
2021-05-13,76.09526203700982
2021-05-14,67.94361469909035
2021-05-15,73.13104817401724
2021-05-16,72.72365400386636
2021-05-17,56.69151448459405
2021-05-18,1.403597835096318
2021-05-19,17.534670219248905
2021-05-20,29.355960095408754
2021-05-21,83.98986586383357
2021-05-22,103.77071115232673
2021-05-23,74.76550650005593
2021-05-24,5.756353830380763
2021-05-25,63.7104984770369
2021-05-26,26.416506051737862
2021-05-27,70.40783897177766
2021-05-28,25.434730341976742
2021-05-29,86.7084595517459
2021-05-30,90.95802696231668
2021-05-31,51.475792195294034
2021-06-01,72.70488508634251
2021-06-02,74.40343874669949
2021-06-03,59.663998136990415
2021-06-04,56.068135344280705
2021-06-05,36.890762610846906
2021-06-06,81.92010765328543
2021-06-07,38.14594986592649
2021-06-08,31.156636729925083
2021-06-09,18.217819237969454
2021-06-10,6.970567252636101
2021-06-11,79.60878477474326
2021-06-12,83.63692108466674
2021-06-13,90.47172198833744
2021-06-14,62.24621309029633
2021-06-15,47.517443227045334
2021-06-16,87.41849491824833
2021-06-17,15.672065878230843
2021-06-18,42.71432335144343
2021-06-19,62.01014295716607
2021-06-20,68.24937771058879
2021-06-21,84.49684683077425
2021-06-22,59.80507803786322
2021-06-23,51.27560767544233
2021-06-24,71.7789175634734
2021-06-25,66.72602466750833
2021-06-26,87.08163673819361
2021-06-27,84.71594361470221
2021-06-28,84.42466983230983
2021-06-29,84.78500186780774
2021-06-30,81.69546060708299
2021-07-01,88.79992189169855
2021-07-02,57.91658567085793
2021-07-03,77.60206658780281
2021-07-04,37.67965509218946
2021-07-05,45.03454710277366
2021-07-06,11.923217240886792
2021-07-07,78.8648031436772
2021-07-08,82.8041809952492
2021-07-09,79.6749210796022
2021-07-10,60.90679035023801
2021-07-11,65.03508080991803
2021-07-12,80.38869886588084
2021-07-13,76.82392525555808
2021-07-14,81.49117260978521
2021-07-15,76.78837811602283
2021-07-16,56.43520924232621
2021-07-17,13.484260411027222
2021-07-18,7.623505613903493
2021-07-19,21.226372734715778
2021-07-20,8.483672210557737
2021-07-21,9.091461078556039
2021-07-22,26.461118304574427
2021-07-23,96.25495852077263
2021-07-24,86.50564011983538
2021-07-25,62.083812675290844
2021-07-26,73.59338656551714
2021-07-27,80.10398082460932
2021-07-28,73.51948275670217
2021-07-29,70.70708348798152
2021-07-30,67.6773372711534
2021-07-31,80.06411092079222
2021-08-01,56.06651040782444
2021-08-02,7.771968052526975
2021-08-03,56.53507083255836
2021-08-04,68.8935421618406
2021-08-05,82.14734700999
2021-08-06,39.22702360794245
2021-08-07,41.16908231530889
2021-08-08,32.16131183803851
2021-08-09,83.43772670931841
2021-08-10,71.05259788693593
2021-08-11,63.091347055277375
2021-08-12,56.15374186394147
2021-08-13,82.13530571178832
2021-08-14,65.0331627245982
2021-08-15,35.49132701729361
2021-08-16,54.92419632751271
2021-08-17,45.618405630695776
2021-08-18,85.13952057214266
2021-08-19,40.20965878254963
2021-08-20,54.51304591539076
2021-08-21,57.86537694931748
2021-08-22,2.799167413105906
2021-08-23,1.1460310908055134
2021-08-24,44.23296196429758
2021-08-25,85.2710688024424
2021-08-26,76.60214369548787
2021-08-27,38.90404974761544
2021-08-28,73.4430734630447
2021-08-29,75.09218572004922
2021-08-30,58.47705124369634
2021-08-31,15.87763866198337
2021-09-01,3.6945640900986967
2021-09-02,12.159904703069254
2021-09-03,83.34390236527487
2021-09-04,81.24911297803166
2021-09-05,70.25444530819831
2021-09-06,82.59795798193252
2021-09-07,67.66767186909489
2021-09-08,39.85130831387328
2021-09-09,64.76974166994917
2021-09-10,64.37053871174325
2021-09-11,14.675599558383015
2021-09-12,10.475732402117167
2021-09-13,72.59823423063206
2021-09-14,67.25422374749822
2021-09-15,75.4947344855433
2021-09-16,42.09922629675726
2021-09-17,47.1654158515459
2021-09-18,45.88016228343502
2021-09-19,57.091387434248254
2021-09-20,70.70362210565904
2021-09-21,51.47787288438111
2021-09-22,33.53038543423425
2021-09-23,78.82548767248782
2021-09-24,66.10728520702209
2021-09-25,32.79436784372981
2021-09-26,36.15537425525383
2021-09-27,70.10418578590446
2021-09-28,43.836274417586125
2021-09-29,73.42732591557252
2021-09-30,17.64849148094287
2021-10-01,75.64376091671245
2021-10-02,34.518615271665574
2021-10-03,69.4152957514658
2021-10-04,65.12408680559689
2021-10-05,13.075072822029052
2021-10-06,20.551083114479866
2021-10-07,68.08337102309326
2021-10-08,71.98338314757304
2021-10-09,59.02695389277614
2021-10-10,8.202935973998793
2021-10-11,40.09850164440221
2021-10-12,75.17624973592808
2021-10-13,62.469746833997085
2021-10-14,69.62954322635811
2021-10-15,67.99911920315888
2021-10-16,60.17905436628034
2021-10-17,17.415422016063484
2021-10-18,4.936212975392149
2021-10-19,22.971394246791426
2021-10-20,69.49252910329427
2021-10-21,61.33313950411627
2021-10-22,32.85392790255021
2021-10-23,0.4635525074750961
2021-10-24,43.299892235399234
2021-10-25,11.422584744811067
2021-10-26,60.78625988417396
2021-10-27,52.73945772877808
2021-10-28,45.45641828772704
2021-10-29,34.15474707468752
2021-10-30,65.27141944422891
2021-10-31,59.58934193899733
2021-11-01,62.807006028684896
2021-11-02,60.60858031101573
2021-11-03,24.151849822220925
2021-11-04,35.06733967639836
2021-11-05,35.484470538552856
2021-11-06,52.371329700189506
2021-11-07,10.251113145994344
2021-11-08,33.61218757002132
2021-11-09,8.030499030403467
2021-11-10,49.050250750294765
2021-11-11,46.11438171530154
2021-11-12,25.984265430422806
2021-11-13,38.182540386571134
2021-11-14,1.525767395224848
2021-11-15,1.0332089657175199
2021-11-16,2.57399182216753
2021-11-17,32.89184712435438
2021-11-18,14.55993393526895
2021-11-19,33.06155035399522
2021-11-20,3.5186483275356015
2021-11-21,3.3356337621718906
2021-11-22,15.332471125547817
2021-11-23,17.224696705670535
2021-11-24,40.449121927925326
2021-11-25,7.317750292595232
2021-11-26,5.350393646596965
2021-11-27,25.59498464452344
2021-11-28,5.387418058684333
2021-11-29,30.495391965482668
2021-11-30,25.852447477810742
2021-12-01,2.232442908232594
2021-12-02,26.77258242840367
2021-12-03,46.78077624246144
2021-12-04,19.137228193517956
2021-12-05,47.63152733762917
2021-12-06,13.25505563147626
2021-12-07,7.777946003907573
2021-12-08,4.591266350992049
2021-12-09,25.175761436556083
2021-12-10,29.587676647535023
2021-12-11,15.698830127869966
2021-12-12,26.93376711731944
2021-12-13,17.83082426579259
2021-12-14,3.365527098957345
2021-12-15,44.56965820998549
2021-12-16,2.7011155996693548
2021-12-17,49.36758254042761
2021-12-18,5.097868186624769
2021-12-19,13.467959638663725
2021-12-20,17.272960278482795
2021-12-21,2.954713205992853
2021-12-22,0.8269958615664206
2021-12-23,2.7913950940936196
2021-12-24,20.470323746627308
2021-12-25,18.548423594309927
2021-12-26,2.831583670192744
2021-12-27,22.73340948553211
2021-12-28,9.63655881842688
2021-12-29,23.00337936354662
2021-12-30,18.708528743450422
2021-12-31,24.07761507476892
2022-01-01,8.586243935572611
2022-01-02,9.406699106803934
2022-01-03,0.6447181252136905
2022-01-04,6.177375705240656
2022-01-05,10.486630338918088
2022-01-06,13.53850512113945
2022-01-07,3.44125193440522
2022-01-08,11.455619770723464
2022-01-09,2.371392147851871
2022-01-10,4.614535140308316
2022-01-11,2.943307906443388
2022-01-12,5.868061371361972
2022-01-13,0.40255317635995175
2022-01-14,3.0746064439440257
2022-01-15,8.510143835707288
2022-01-16,2.0065159124290846
2022-01-17,0.7518366660426516
2022-01-18,6.93963450754038
2022-01-19,11.233499666776927
2022-01-20,0.637908319646361
2022-01-21,0.6927962989278919
2022-01-22,2.294206496027265
2022-01-23,0.11893236898337116
2022-01-24,0.4790715971337083
2022-01-25,0.8144075812308904
2022-01-26,1.3104781027343464
2022-01-27,2.602736021171074
2022-01-28,1.2303607238748648
2022-01-29,2.1730967959753613
2022-01-30,3.818059233029663
2022-01-31,3.902938574464864
2022-02-01,5.479447939081809
2022-02-02,5.505855496908009
2022-02-03,3.65048065513744
2022-02-04,0.23927845511521262
2022-02-05,0.7597045559858493
2022-02-06,2.2561610265710623
2022-02-07,1.5694663336938761
2022-02-08,2.1864367663101616
2022-02-09,1.5833983976661128
2022-02-10,1.751867738323497
2022-02-11,3.158130065123013
2022-02-12,2.1143007926817123
2022-02-13,8.484534978669252
2022-02-14,1.7426714438091402
2022-02-15,5.50060431146084
2022-02-16,3.1559891818642707
2022-02-17,7.022751507740716
2022-02-18,2.8189605128937356
2022-02-19,0.9870516939904967
2022-02-20,2.2209966945362813
2022-02-21,14.80045117040967
2022-02-22,17.067306042470815
2022-02-23,5.384460740599785
2022-02-24,8.62167744697348
2022-02-25,14.174736805873986
2022-02-26,6.164995720453146
2022-02-27,2.3512529777379942
2022-02-28,1.8802513249549224
2022-03-01,1.411735941837867
2022-03-02,0.923114791538111
2022-03-03,0.5925482110759615
2022-03-04,1.8358174472258089
2022-03-05,1.651710750936701
2022-03-06,4.369913512566632
2022-03-07,11.728375320793836
2022-03-08,5.964957339192448
2022-03-09,11.036181385585841
2022-03-10,13.71425512854892
2022-03-11,5.911352377121011
2022-03-12,5.636283619232553
2022-03-13,3.3640186445702613
2022-03-14,7.711769565655261
2022-03-15,10.506318652638008
2022-03-16,19.349091484319338
2022-03-17,41.445116363997016
2022-03-18,75.65143887408257
2022-03-19,52.439104874294465
2022-03-20,8.6387126368404
2022-03-21,62.277790946066375
2022-03-22,63.09440576636573
2022-03-23,56.82390030161708
2022-03-24,64.24167012596139
2022-03-25,49.62897294451092
2022-03-26,37.812764755889596
2022-03-27,57.702797321389646
2022-03-28,15.01433967662414
2022-03-29,72.97884866578738
2022-03-30,69.77176597315696
2022-03-31,67.2893526885739
2022-04-01,58.8760849217208
2022-04-02,55.51139601479817
2022-04-03,74.93802645735879
2022-04-04,62.128315043531344
2022-04-05,43.01236404880861
2022-04-06,97.76837882081401
2022-04-07,81.45369176694075
2022-04-08,55.61001153847191
2022-04-09,61.47356590164559
2022-04-10,68.48298390568524
2022-04-11,75.54538157481305
2022-04-12,60.057632786837885
2022-04-13,71.90989695222463
2022-04-14,42.70600377591307
2022-04-15,29.996878057676437
2022-04-16,33.00120253052022
2022-04-17,53.39428769967522
2022-04-18,68.76925168946622
2022-04-19,3.24683852713388
2022-04-20,77.56459565087812
2022-04-21,54.455307669221895
2022-04-22,51.29115873856713
2022-04-23,78.0191510296978
2022-04-24,83.54771094651699
2022-04-25,80.61945788588525
2022-04-26,53.43570718530457
2022-04-27,14.03229170387004
2022-04-28,73.68864893015483
2022-04-29,81.07245510598435
2022-04-30,72.35309466071503
2022-05-01,40.264313362801275
2022-05-02,72.76392145403528
2022-05-03,41.42910764527779
2022-05-04,41.276130654079495
2022-05-05,47.460427512196105
2022-05-06,19.86846375682169
2022-05-07,66.93067274992727
2022-05-08,46.78647583927947
2022-05-09,50.15932170586228
2022-05-10,25.13009638509548
2022-05-11,52.358798717147735
2022-05-12,84.98893546985249
2022-05-13,35.43612925480162
2022-05-14,63.38104300277038
2022-05-15,78.83895341697792
2022-05-16,55.074313679669004
2022-05-17,63.72943253884873
2022-05-18,22.26226147157984
2022-05-19,22.620370594039365
2022-05-20,49.60515808138764
2022-05-21,88.08843571380518
2022-05-22,82.7525302672074
2022-05-23,75.66209017925509
2022-05-24,60.06337996734565
2022-05-25,67.7565446930019
2022-05-26,80.82220572662011
2022-05-27,41.191361953461694
2022-05-28,88.03535927559454
2022-05-29,49.73191912927337
2022-05-30,98.54563980169429
2022-05-31,85.62466671366744
2022-06-01,85.12172713709336
2022-06-02,92.74393853881668
2022-06-03,94.43519865898212
2022-06-04,40.94247540628295
2022-06-05,28.80533526560675
2022-06-06,3.5451387803952708
2022-06-07,33.03321509091482
2022-06-08,61.17020575885215
2022-06-09,77.28677818651475
2022-06-10,75.91416882631904
2022-06-11,61.89969041160746
2022-06-12,61.78476826315837
2022-06-13,59.953916252265785
2022-06-14,7.75836052009196
2022-06-15,23.04794355302085
2022-06-16,66.13339367970487
2022-06-17,16.849455320999517
2022-06-18,16.442412047414113
2022-06-19,51.742651053288526
2022-06-20,50.74568708145951
2022-06-21,75.96343612138898
2022-06-22,38.77649837084223
2022-06-23,20.70016436882025
2022-06-24,39.050219250380536
2022-06-25,88.65184540947737
2022-06-26,80.35417108962203
2022-06-27,52.61952582111638
2022-06-28,38.863857997406434
2022-06-29,18.9094235723044
2022-06-30,71.0689452823994
2022-07-01,47.31277394443176
2022-07-02,7.588379358353751
2022-07-03,57.5650996568742
2022-07-04,48.793500756304226
2022-07-05,3.152100856529124
2022-07-06,22.1635730742614
2022-07-07,19.28993954384041
2022-07-08,51.78362815550264
2022-07-09,79.36806178172468
2022-07-10,78.21987417517397
2022-07-11,58.673505371653256
2022-07-12,87.00677608370799
2022-07-13,72.97853056793576
2022-07-14,70.46610392842791
2022-07-15,81.4148462061742
2022-07-16,75.33605563007133
2022-07-17,53.06678291420839
2022-07-18,56.30107948707393
2022-07-19,60.9470795907753
2022-07-20,86.58116666876457
2022-07-21,75.83418080093371
2022-07-22,73.2724297120179
2022-07-23,73.56744271680112
2022-07-24,36.713296582729704
2022-07-25,34.30923737348751
2022-07-26,65.24811700591162
2022-07-27,62.373757830301514
2022-07-28,84.48994011293573
2022-07-29,63.216055692079955
2022-07-30,60.13625650813784
2022-07-31,23.765448311003418
2022-08-01,25.346611039071718
2022-08-02,38.734575316319976
2022-08-03,17.1800977018101
2022-08-04,28.321466190759466
2022-08-05,42.37723533461695
2022-08-06,62.08236641189764
2022-08-07,82.13075171780815
2022-08-08,74.85972381324072
2022-08-09,85.46586320319106
2022-08-10,79.44122663817417
2022-08-11,44.417576746058494
2022-08-12,80.3166819960311
2022-08-13,72.58510563834388
2022-08-14,80.55747141167735
2022-08-15,69.08484470686645
2022-08-16,41.73142510949994
2022-08-17,83.38318493599283
2022-08-18,83.19123974677954
2022-08-19,77.01256907247532
2022-08-20,41.072957220400525
2022-08-21,39.29095806727828
2022-08-22,82.7626591394666
2022-08-23,76.33929248892986
2022-08-24,80.72041997482665
2022-08-25,83.14439875501888
2022-08-26,78.2560494930052
2022-08-27,10.05478351844891
2022-08-28,63.23077297502877
2022-08-29,65.90691013336146
2022-08-30,75.46217303539169
2022-08-31,74.28584311611779
2022-09-01,83.81147209669737
2022-09-02,81.59891526423522
2022-09-03,75.2008139803768
2022-09-04,66.93501534035248
2022-09-05,31.61183860017794
2022-09-06,76.92953969624337
2022-09-07,36.28090199290595
2022-09-08,55.16337626577189
2022-09-09,71.89421400557741
2022-09-10,78.79787823238668
2022-09-11,73.89692007239302
2022-09-12,74.70491939989762
2022-09-13,68.62903751949699
2022-09-14,78.74448535688448
2022-09-15,67.17905479178089
2022-09-16,53.153069988088205
2022-09-17,35.622657169509836
2022-09-18,18.184357754599578
2022-09-19,18.477663474674674
2022-09-20,38.961334157452676
2022-09-21,81.82160312013224
2022-09-22,81.13416464573903
2022-09-23,32.73546900717773
2022-09-24,79.84770872893256
2022-09-25,61.504249750758696
2022-09-26,66.21617597485229
2022-09-27,63.71291819270034
2022-09-28,69.67259360227591
2022-09-29,13.722944729766125
2022-09-30,40.98601121583757
2022-10-01,52.874210975857515
2022-10-02,69.62396218294377
2022-10-03,39.62315526415379
2022-10-04,66.68790289033966
2022-10-05,13.80392224315685
2022-10-06,69.32661721979575
2022-10-07,68.64937769690371
2022-10-08,66.69837350542532
2022-10-09,57.60145415083575
2022-10-10,11.343686378991467
2022-10-11,55.59474851724137
2022-10-12,69.43524001935458
2022-10-13,51.07649360462163
2022-10-14,35.154514625634604
2022-10-15,37.84706340679978
2022-10-16,57.50137391664861
2022-10-17,63.77836554294531
2022-10-18,55.22182085347374
2022-10-19,52.08574954177794
2022-10-20,57.07698883734667
2022-10-21,29.387455028847192
2022-10-22,5.7980304182429
2022-10-23,15.425585620369116
2022-10-24,7.202946629980157
2022-10-25,35.48580518115652
2022-10-26,45.82700962173349
2022-10-27,28.040526484333984
2022-10-28,38.07871015132638
2022-10-29,49.049702677242976
2022-10-30,39.91896611141775
2022-10-31,36.066813527789115
2022-11-01,4.952937624774338
2022-11-02,1.7363663639766715
2022-11-03,45.09577799945612
2022-11-04,41.590883664917115
2022-11-05,3.2162078952519173
2022-11-06,14.06412838819653
2022-11-07,3.701854396605921
2022-11-08,39.17464846293569
2022-11-09,59.93025343511136
2022-11-10,60.97403908161155
2022-11-11,50.923869853594326
2022-11-12,21.28879331535858
2022-11-13,28.785278966725155
2022-11-14,56.056181686534295
2022-11-15,39.543124244614354
2022-11-16,9.810181885036604
2022-11-17,4.899212923421796
2022-11-18,16.600101578409976
2022-11-19,12.528594167762323
2022-11-20,14.277179278575852
2022-11-21,21.59276795054768
2022-11-22,5.054529083235781
2022-11-23,30.743256257560343
2022-11-24,10.574295253335459
2022-11-25,3.7176995955742482
2022-11-26,27.20070363254364
2022-11-27,6.104717478934947
2022-11-28,9.244869447960227
2022-11-29,9.371165864012177
2022-11-30,2.236099798282002
2022-12-01,27.796631848125497
2022-12-02,41.7113566524837
2022-12-03,40.35627700073884
2022-12-04,20.177603845225455
2022-12-05,7.623496901247364
2022-12-06,45.78118035245737
2022-12-07,39.1164853615855
2022-12-08,25.969412071043813
2022-12-09,41.33219251827507
2022-12-10,23.35492704104817
2022-12-11,17.90740198635105
2022-12-12,31.99314010073596
2022-12-13,28.088657833452825
2022-12-14,18.098737773580783
2022-12-15,40.04904099713935
2022-12-16,7.661918700830482
2022-12-17,0.3420604231080192
2022-12-18,0.3123151678691191
2022-12-19,0.31169699418646546
2022-12-20,1.3537201047658067
2022-12-21,0.7057156773419507
2022-12-22,2.838661533574514
2022-12-23,0.23476318276068
2022-12-24,2.9276380513753666
2022-12-25,2.7181827803313006
2022-12-26,0.35355789470940124
2022-12-27,0.2123165463376969
2022-12-28,1.9689734090860256
2022-12-29,1.2323789845560598
2022-12-30,2.1688435251450704
2022-12-31,16.19493536417863
2023-01-01,42.15878553657971
2023-01-02,43.63172358857371
2023-01-03,39.775218807448674
2023-01-04,41.49589294943009
2023-01-05,40.483157795627655
2023-01-06,45.80060380048331
2023-01-07,41.28674353891779
2023-01-08,40.79798120112676
2023-01-09,7.085222389699999
2023-01-10,4.133951300670726
2023-01-11,6.136791529265463
2023-01-12,5.113504742756623
2023-01-13,0.8189780171476743
2023-01-14,0.9715914689704256
2023-01-15,0.3565536169705934
2023-01-16,0.32183831063060003
2023-01-17,0.5727817700124307
2023-01-18,1.3017846003220184
2023-01-19,3.532778876888883
2023-01-20,2.0713794869847835
2023-01-21,2.186143495089007
2023-01-22,1.9363702481941791
2023-01-23,0.122491322726337
2023-01-24,1.708167301485294
2023-01-25,1.5315966282245688
2023-01-26,1.2817623995190235
2023-01-27,0.36740208343446396
2023-01-28,1.9853579324829573
2023-01-29,1.7919486738909116
2023-01-30,2.1206877669553483
2023-01-31,0.673647027629539
2023-02-01,0.7567393726543846
2023-02-02,1.2906544162088125
2023-02-03,2.4180585095825617
2023-02-04,2.5626930383077062
2023-02-05,0.6833114291344087
2023-02-06,1.672798165300256
2023-02-07,2.050344671927852
2023-02-08,2.6154444485187787
2023-02-09,2.0907531502766243
2023-02-10,2.086233787321301
2023-02-11,2.379269677221921
2023-02-12,1.4029062758369255
2023-02-13,2.641955612058172
2023-02-14,1.6800061069825696
2023-02-15,1.5606286105364084
2023-02-16,5.288849148807769
2023-02-17,10.273849734196368
2023-02-18,2.174921674291793
2023-02-19,3.498360192032973
2023-02-20,8.165998082944474
2023-02-21,7.8131267259693775
2023-02-22,6.916579063956592
2023-02-23,8.674455730970323
2023-02-24,8.064510978200392
2023-02-25,4.534528418102831
2023-02-26,5.298649983363704
2023-02-27,4.983562955859271
2023-02-28,2.3284875163805583
2023-03-01,2.0065024261096385
2023-03-02,2.420213424721207
2023-03-03,3.4241494706308697
2023-03-04,2.803812838401243
2023-03-05,2.793062751250647
2023-03-06,2.23080584999232
2023-03-07,2.6740643157544217
2023-03-08,3.0152678023188213
2023-03-09,2.8315238587781844
2023-03-10,1.520874042520253
2023-03-11,2.5768062804698664
2023-03-12,1.902089565776224
2023-03-13,1.6269886243814284
2023-03-14,4.223238195418741
2023-03-15,4.931107992015467
2023-03-16,9.702506304013108
2023-03-17,11.162294043789569
2023-03-18,28.604184403643888
2023-03-19,49.750116173152286
2023-03-20,50.37459020576788
2023-03-21,53.5913718583673
2023-03-22,88.35950922069522
2023-03-23,77.99813423744543
2023-03-24,32.61159626454543
2023-03-25,73.40494346750424
2023-03-26,53.64250244464391
2023-03-27,82.11266556517826
2023-03-28,90.23970034450596
2023-03-29,67.05595149529368
2023-03-30,37.49022463770994
2023-03-31,70.39685694006742
2023-04-01,61.18412379186277
2023-04-02,48.95169744354948
2023-04-03,51.65136640106318
2023-04-04,73.84556710330548
2023-04-05,71.62080034391407
2023-04-06,86.2645732542602
2023-04-07,86.45665924392266
2023-04-08,81.81053840644006
2023-04-09,82.96707774870642
2023-04-10,64.79750424409833
2023-04-11,4.654104186320498
2023-04-12,83.34971366287172
2023-04-13,66.79620568184701
2023-04-14,44.17517298344883
2023-04-15,83.18242611507611
2023-04-16,94.4121587617238
2023-04-17,44.373033304573006
2023-04-18,91.23959567057537
2023-04-19,40.98206732993295
2023-04-20,35.58251221820333
2023-04-21,30.033773916528897
2023-04-22,59.98143325898237
2023-04-23,58.982883190999885
2023-04-24,71.01375570521252
2023-04-25,40.86651846397165
2023-04-26,62.40284874914166
2023-04-27,68.8033976291075
2023-04-28,95.6628961834509
2023-04-29,89.73626773349567
2023-04-30,94.20870882395278
2023-05-01,92.53959485281432
2023-05-02,74.044251899294
2023-05-03,75.46401533779483
2023-05-04,87.1128466332747
2023-05-05,99.62809991976668
2023-05-06,59.584684229734144
2023-05-07,8.286141742809882
2023-05-08,35.00058817419568
2023-05-09,35.24661586521514
2023-05-10,52.70841917356617
2023-05-11,50.784902867213326
2023-05-12,82.22659267033201
2023-05-13,91.15850342779981
2023-05-14,95.22622448050416
2023-05-15,91.88419412575512
2023-05-16,89.15635635439943
2023-05-17,98.72569647455632
2023-05-18,99.44859373990592
2023-05-19,75.47518572722679
2023-05-20,70.05476195472451
2023-05-21,70.66287938905117
2023-05-22,38.46859368276676
2023-05-23,59.03852357400423
2023-05-24,65.72785295312144
2023-05-25,23.77221206163394
2023-05-26,90.40928964953824
2023-05-27,75.22248524738008
2023-05-28,69.53608173573002
2023-05-29,57.98917522273728
2023-05-30,63.77102427661888
2023-05-31,62.816980414665814
2023-06-01,10.115788757773842
2023-06-02,72.20545685512846
2023-06-03,46.66127182665962
2023-06-04,82.5525391142895
2023-06-05,70.14046274838373
2023-06-06,93.75150183996965
2023-06-07,88.54612945248688
2023-06-08,90.80185408619924
2023-06-09,85.7313949962586
2023-06-10,83.4176297073502
2023-06-11,63.331033827564575
2023-06-12,82.94373585569416
2023-06-13,49.73144449843483
2023-06-14,2.7007009689498918
2023-06-15,35.62162506001276
2023-06-16,42.04647141756951
2023-06-17,39.64737038987648
2023-06-18,2.6874761687415294
2023-06-19,10.40538825172044
2023-06-20,3.533133629006285
2023-06-21,70.52953882300822
2023-06-22,77.45715450405224
2023-06-23,57.68228186705699
2023-06-24,83.88379114589965
2023-06-25,63.312711245055176
2023-06-26,76.63119544257893
2023-06-27,58.755887240089805
2023-06-28,75.96197523701561
2023-06-29,74.29284814454233
2023-06-30,66.4469755385411
2023-07-01,29.13942237498461
2023-07-02,25.787668931564227
2023-07-03,16.92389161207834
2023-07-04,54.16929654693762
2023-07-05,73.56609208969276
2023-07-06,72.20018086985128
2023-07-07,82.83418394400474
2023-07-08,81.03999541324131
2023-07-09,83.85988593079769
2023-07-10,28.217393969092416
2023-07-11,56.220341795280206
2023-07-12,53.38153844153088
2023-07-13,66.79678881465682
2023-07-14,73.11290371561246
2023-07-15,76.70572202857419
2023-07-16,62.27787500386812
2023-07-17,34.53879477472461
2023-07-18,12.896793856065711
2023-07-19,72.02241925244762
2023-07-20,75.29353730397042
2023-07-21,82.15276692317568
2023-07-22,71.82893294230716
2023-07-23,64.86444802954749
2023-07-24,75.6766786381344
2023-07-25,71.7190960251199
2023-07-26,11.464849876155336
2023-07-27,15.193702444006254
2023-07-28,41.11988048894949
2023-07-29,38.1668552906287
2023-07-30,74.58849710606407
2023-07-31,67.62305771335777
2023-08-01,78.94732370105288
2023-08-02,67.18521369317133
2023-08-03,62.838565377363494
2023-08-04,71.18475095934554
2023-08-05,85.08596915943865
2023-08-06,65.23660929176704
2023-08-07,67.1626459921586
2023-08-08,17.60836655434911
2023-08-09,21.285284015633472
2023-08-10,68.96259202373636
2023-08-11,42.934873753021776
2023-08-12,73.35899902781725
2023-08-13,82.32773088185125
2023-08-14,72.87143986199143
2023-08-15,41.932126240371126
2023-08-16,75.94396542980705
2023-08-17,68.03743301973078
2023-08-18,1.6595145564306015
2023-08-19,56.49515438118787
2023-08-20,70.69754124462708
2023-08-21,37.59935838686079
2023-08-22,10.857384076844692
2023-08-23,5.910800668769107
2023-08-24,28.00164026770544
2023-08-25,39.768051288203765
2023-08-26,75.94643556019349
2023-08-27,76.77481333317274
2023-08-28,78.22055924085163
2023-08-29,80.65145279607387
2023-08-30,60.28575171734623
2023-08-31,37.28608834890601
2023-09-01,78.76490319210772
2023-09-02,83.726689238344
2023-09-03,18.729545588331803
2023-09-04,28.07249700440965
2023-09-05,18.060567223174978
2023-09-06,62.37686142290027
2023-09-07,70.30642012570476
2023-09-08,63.21779070302908
2023-09-09,78.1401679328737
2023-09-10,84.867449927742
2023-09-11,67.11923308495524
2023-09-12,54.654011442275525
2023-09-13,40.11817547003048
2023-09-14,85.46525456763193
2023-09-15,81.29262469975043
2023-09-16,77.77330624678511
2023-09-17,59.42562605779767
2023-09-18,41.8538528883962
2023-09-19,62.27310485777651
2023-09-20,23.58221740275332
2023-09-21,81.06657450177495
2023-09-22,82.17661383958362
2023-09-23,44.813132844404535
2023-09-24,44.280696275209735
2023-09-25,61.35966229510226
2023-09-26,13.73631016397146
2023-09-27,68.23429478526498
2023-09-28,52.36543147312532
2023-09-29,3.9340046537465736
2023-09-30,15.52453750935161
2023-10-01,37.71402806445557
2023-10-02,22.787630563321997
2023-10-03,69.24598826923042
2023-10-04,57.09073205250856
2023-10-05,75.33092071741295
2023-10-06,69.82774598376855
2023-10-07,66.38855822988408
2023-10-08,69.69525737912521
2023-10-09,68.34409381368292
2023-10-10,47.661207825550676
2023-10-11,24.04058259338172
2023-10-12,46.80739935303248
2023-10-13,23.07321350689162
2023-10-14,63.51983317743306
2023-10-15,55.820320094770885
2023-10-16,32.287823420902825
2023-10-17,3.121756406997224
2023-10-18,55.17617357614202
2023-10-19,61.065102455069365
2023-10-20,64.76872058838491
2023-10-21,10.24811200073016
2023-10-22,2.436229798791981
2023-10-23,7.720997543687553
2023-10-24,16.549369370107513
2023-10-25,26.35527916976339
2023-10-26,6.482333403846723
2023-10-27,24.045828891876127
2023-10-28,6.294816516001129
2023-10-29,58.8537128419989
2023-10-30,25.75678583516175
2023-10-31,37.166132951697996
2023-11-01,22.491173395112277
2023-11-02,34.59476385371618
2023-11-03,40.88665255785144
2023-11-04,12.010756760489388
2023-11-05,8.114947939802013
2023-11-06,17.44783429905729
2023-11-07,5.293530864098417
2023-11-08,49.06356182461081
2023-11-09,53.2391534848804
2023-11-10,27.41968085583324
2023-11-11,6.305608493959143
2023-11-12,51.288066998209494
2023-11-13,36.594477349244904
2023-11-14,46.93605714738521
2023-11-15,44.01790925801761
2023-11-16,19.39458096009717
2023-11-17,37.88150420220881
2023-11-18,45.845937283532514
2023-11-19,45.42166128555087
2023-11-20,44.47572723987993
2023-11-21,8.2527439528444
2023-11-22,13.012936487868648
2023-11-23,28.15925489138839
2023-11-24,38.55407048988389
2023-11-25,27.0147972156736
2023-11-26,7.882498363167505
2023-11-27,12.414243368515146
2023-11-28,42.342443608043666
2023-11-29,42.698874285867
2023-11-30,43.44501482745465
2023-12-01,19.789540499345982
2023-12-02,41.012786942448656
2023-12-03,32.50806570415471
2023-12-04,1.6763499731606903
2023-12-05,0.30260048662679423
2023-12-06,1.2420477087507609
2023-12-07,1.3463118929298206
2023-12-08,0.9433892572365729
2023-12-09,3.647943295160997
2023-12-10,4.402572842390867
2023-12-11,14.736065591406506
2023-12-12,24.56920931000968
2023-12-13,19.192413295434076
2023-12-14,2.56443839130264
2023-12-15,8.380244832155558
2023-12-16,18.89686165057472
2023-12-17,33.320648622249315
2023-12-18,19.87786777397924
2023-12-19,4.543085156679421
2023-12-20,31.34900953370934
2023-12-21,21.338044828505687
2023-12-22,22.22585633639595
2023-12-23,41.26347630123664
2023-12-24,34.5389925279185
2023-12-25,25.716016606308745
2023-12-26,37.56338367608133
2023-12-27,25.33808574375664
2023-12-28,34.73669473365502
2023-12-29,36.75142994841469
2023-12-30,21.059390339839833
2023-12-31,8.935662423393184
2024-01-01,
2024-01-02,
2024-01-03,
2024-01-04,
2024-01-05,
2024-01-06,
2024-01-07,
2024-01-08,
2024-01-09,
2024-01-10,
2024-01-11,
2024-01-12,
2024-01-13,
2024-01-14,
2024-01-15,
2024-01-16,
2024-01-17,
2024-01-18,
2024-01-19,
2024-01-20,
2024-01-21,
2024-01-22,
2024-01-23,
2024-01-24,
2024-01-25,
2024-01-26,
2024-01-27,
2024-01-28,
2024-01-29,
2024-01-30,
2024-01-31,
2024-02-01,
2024-02-02,
2024-02-03,
2024-02-04,
2024-02-05,
2024-02-06,
2024-02-07,
2024-02-08,
2024-02-09,
2024-02-10,
2024-02-11,
2024-02-12,
2024-02-13,
2024-02-14,
2024-02-15,
2024-02-16,
2024-02-17,
2024-02-18,
2024-02-19,
2024-02-20,
2024-02-21,
2024-02-22,
2024-02-23,
2024-02-24,
2024-02-25,
2024-02-26,
2024-02-27,
2024-02-28,
2024-02-29,
2024-03-01,
2024-03-02,
2024-03-03,
2024-03-04,
2024-03-05,
2024-03-06,
2024-03-07,
2024-03-08,
2024-03-09,
2024-03-10,
2024-03-11,
2024-03-12,
2024-03-13,
2024-03-14,
2024-03-15,
2024-03-16,
2024-03-17,
2024-03-18,
2024-03-19,
2024-03-20,
2024-03-21,
2024-03-22,
2024-03-23,
2024-03-24,
2024-03-25,
2024-03-26,
2024-03-27,
2024-03-28,
2024-03-29,
2024-03-30,
2024-03-31,
2024-04-01,
2024-04-02,
2024-04-03,
2024-04-04,
2024-04-05,
2024-04-06,
2024-04-07,
2024-04-08,
2024-04-09,
2024-04-10,
2024-04-11,
2024-04-12,
2024-04-13,
2024-04-14,
2024-04-15,
2024-04-16,
2024-04-17,
2024-04-18,
2024-04-19,
2024-04-20,
2024-04-21,
2024-04-22,
2024-04-23,
2024-04-24,
2024-04-25,
2024-04-26,
2024-04-27,
2024-04-28,
2024-04-29,
2024-04-30,
2024-05-01,
2024-05-02,
2024-05-03,
2024-05-04,
2024-05-05,
2024-05-06,
2024-05-07,
2024-05-08,
2024-05-09,
2024-05-10,
2024-05-11,
2024-05-12,
2024-05-13,
2024-05-14,
2024-05-15,
2024-05-16,
2024-05-17,
2024-05-18,
2024-05-19,
2024-05-20,
2024-05-21,
2024-05-22,
2024-05-23,
2024-05-24,
2024-05-25,
2024-05-26,
2024-05-27,
2024-05-28,
2024-05-29,
2024-05-30,
2024-05-31,
2024-06-01,
2024-06-02,
2024-06-03,
2024-06-04,
2024-06-05,
2024-06-06,
2024-06-07,
2024-06-08,
2024-06-09,
2024-06-10,
2024-06-11,
2024-06-12,
2024-06-13,
2024-06-14,
2024-06-15,
2024-06-16,
2024-06-17,
2024-06-18,
2024-06-19,
2024-06-20,
2024-06-21,
2024-06-22,
2024-06-23,
2024-06-24,
2024-06-25,
2024-06-26,
2024-06-27,
2024-06-28,
2024-06-29,
2024-06-30,
2024-07-01,
2024-07-02,
2024-07-03,
2024-07-04,
2024-07-05,
2024-07-06,
2024-07-07,
2024-07-08,
2024-07-09,
2024-07-10,
2024-07-11,
2024-07-12,
2024-07-13,
2024-07-14,
2024-07-15,
2024-07-16,
2024-07-17,
2024-07-18,
2024-07-19,
2024-07-20,
2024-07-21,
2024-07-22,
2024-07-23,
2024-07-24,
2024-07-25,
2024-07-26,
2024-07-27,
2024-07-28,
2024-07-29,
2024-07-30,
2024-07-31,
2024-08-01,
2024-08-02,
2024-08-03,
2024-08-04,
2024-08-05,
2024-08-06,
2024-08-07,
2024-08-08,
2024-08-09,
2024-08-10,
2024-08-11,
2024-08-12,
2024-08-13,
2024-08-14,
2024-08-15,
2024-08-16,
2024-08-17,
2024-08-18,
2024-08-19,
2024-08-20,
2024-08-21,
2024-08-22,
2024-08-23,
2024-08-24,
2024-08-25,
2024-08-26,
2024-08-27,
2024-08-28,
2024-08-29,
2024-08-30,
2024-08-31,
2024-09-01,
2024-09-02,
2024-09-03,
2024-09-04,
2024-09-05,
2024-09-06,
2024-09-07,
2024-09-08,
2024-09-09,
2024-09-10,
2024-09-11,
2024-09-12,
2024-09-13,
2024-09-14,
2024-09-15,
2024-09-16,
2024-09-17,
2024-09-18,
2024-09-19,
2024-09-20,
2024-09-21,
2024-09-22,
2024-09-23,
2024-09-24,
2024-09-25,
2024-09-26,
2024-09-27,
2024-09-28,
2024-09-29,
2024-09-30,
2024-10-01,
2024-10-02,
2024-10-03,
2024-10-04,
2024-10-05,
2024-10-06,
2024-10-07,
2024-10-08,
2024-10-09,
2024-10-10,
2024-10-11,
2024-10-12,
2024-10-13,
2024-10-14,
2024-10-15,
2024-10-16,
2024-10-17,
2024-10-18,
2024-10-19,
2024-10-20,
2024-10-21,
2024-10-22,
2024-10-23,
2024-10-24,
2024-10-25,
2024-10-26,
2024-10-27,
2024-10-28,
2024-10-29,
2024-10-30,
2024-10-31,
2024-11-01,
2024-11-02,
2024-11-03,
2024-11-04,
2024-11-05,
2024-11-06,
2024-11-07,
2024-11-08,
2024-11-09,
2024-11-10,
2024-11-11,
2024-11-12,
2024-11-13,
2024-11-14,
2024-11-15,
2024-11-16,
2024-11-17,
2024-11-18,
2024-11-19,
2024-11-20,
2024-11-21,
2024-11-22,
2024-11-23,
2024-11-24,
2024-11-25,
2024-11-26,
2024-11-27,
2024-11-28,
2024-11-29,
2024-11-30,
2024-12-01,
2024-12-02,
2024-12-03,
2024-12-04,
2024-12-05,
2024-12-06,
2024-12-07,
2024-12-08,
2024-12-09,
2024-12-10,
2024-12-11,
2024-12-12,
2024-12-13,
2024-12-14,
2024-12-15,
2024-12-16,
2024-12-17,
2024-12-18,
2024-12-19,
2024-12-20,
2024-12-21,
2024-12-22,
2024-12-23,
2024-12-24,
2024-12-25,
2024-12-26,
2024-12-27,
2024-12-28,
2024-12-29,
2024-12-30,
2024-12-31,
2025-01-01,
2025-01-02,
2025-01-03,
2025-01-04,
2025-01-05,
2025-01-06,
2025-01-07,
2025-01-08,
2025-01-09,
2025-01-10,
2025-01-11,
2025-01-12,
2025-01-13,
2025-01-14,
2025-01-15,
2025-01-16,
2025-01-17,
2025-01-18,
2025-01-19,
2025-01-20,
2025-01-21,
2025-01-22,
2025-01-23,
2025-01-24,
2025-01-25,
2025-01-26,
2025-01-27,
2025-01-28,
2025-01-29,
2025-01-30,
2025-01-31,
2025-02-01,
2025-02-02,
2025-02-03,
2025-02-04,
2025-02-05,
2025-02-06,
2025-02-07,
2025-02-08,
2025-02-09,
2025-02-10,
2025-02-11,
2025-02-12,
2025-02-13,
2025-02-14,
2025-02-15,
2025-02-16,
2025-02-17,
2025-02-18,
2025-02-19,
2025-02-20,
2025-02-21,
2025-02-22,
2025-02-23,
2025-02-24,
2025-02-25,
2025-02-26,
2025-02-27,
2025-02-28,
2025-03-01,
2025-03-02,
2025-03-03,
2025-03-04,
2025-03-05,
2025-03-06,
2025-03-07,
2025-03-08,
2025-03-09,
2025-03-10,
2025-03-11,
2025-03-12,
2025-03-13,
2025-03-14,
2025-03-15,
2025-03-16,
2025-03-17,
2025-03-18,
2025-03-19,
2025-03-20,
2025-03-21,
2025-03-22,
2025-03-23,
2025-03-24,
2025-03-25,
2025-03-26,
2025-03-27,
2025-03-28,
2025-03-29,
2025-03-30,
2025-03-31,
2025-04-01,
2025-04-02,
2025-04-03,
2025-04-04,
2025-04-05,
2025-04-06,
2025-04-07,
2025-04-08,
2025-04-09,
2025-04-10,
2025-04-11,
2025-04-12,
2025-04-13,
2025-04-14,
2025-04-15,
2025-04-16,
2025-04-17,
2025-04-18,
2025-04-19,
2025-04-20,
2025-04-21,
2025-04-22,
2025-04-23,
2025-04-24,
2025-04-25,
2025-04-26,
2025-04-27,
2025-04-28,
2025-04-29,
2025-04-30,
2025-05-01,
2025-05-02,
2025-05-03,
2025-05-04,
2025-05-05,
2025-05-06,
2025-05-07,
2025-05-08,
2025-05-09,
2025-05-10,
2025-05-11,
2025-05-12,
2025-05-13,
2025-05-14,
2025-05-15,
2025-05-16,
2025-05-17,
2025-05-18,
2025-05-19,
2025-05-20,
2025-05-21,
2025-05-22,
2025-05-23,
2025-05-24,
2025-05-25,
2025-05-26,
2025-05-27,
2025-05-28,
2025-05-29,
2025-05-30,
2025-05-31,
2025-06-01,
2025-06-02,
2025-06-03,
2025-06-04,
2025-06-05,
2025-06-06,
2025-06-07,
2025-06-08,
2025-06-09,
2025-06-10,
2025-06-11,
2025-06-12,
2025-06-13,
2025-06-14,
2025-06-15,
2025-06-16,
2025-06-17,
2025-06-18,
2025-06-19,
2025-06-20,
2025-06-21,
2025-06-22,
2025-06-23,
2025-06-24,
2025-06-25,
2025-06-26,
2025-06-27,
2025-06-28,
2025-06-29,
2025-06-30,
2025-07-01,
2025-07-02,
2025-07-03,
2025-07-04,
2025-07-05,
2025-07-06,
2025-07-07,
2025-07-08,
2025-07-09,
2025-07-10,
2025-07-11,
2025-07-12,
2025-07-13,
2025-07-14,
2025-07-15,
2025-07-16,
2025-07-17,
2025-07-18,
2025-07-19,
2025-07-20,
2025-07-21,
2025-07-22,
2025-07-23,
2025-07-24,
2025-07-25,
2025-07-26,
2025-07-27,
2025-07-28,
2025-07-29,
2025-07-30,
2025-07-31,
2025-08-01,
2025-08-02,
2025-08-03,
2025-08-04,
2025-08-05,
2025-08-06,
2025-08-07,
2025-08-08,
2025-08-09,
2025-08-10,
2025-08-11,
2025-08-12,
2025-08-13,
2025-08-14,
2025-08-15,
2025-08-16,
2025-08-17,
2025-08-18,
2025-08-19,
2025-08-20,
2025-08-21,
2025-08-22,
2025-08-23,
2025-08-24,
2025-08-25,
2025-08-26,
2025-08-27,
2025-08-28,
2025-08-29,
2025-08-30,
2025-08-31,
2025-09-01,
2025-09-02,
2025-09-03,
2025-09-04,
2025-09-05,
2025-09-06,
2025-09-07,
2025-09-08,
2025-09-09,
2025-09-10,
2025-09-11,
2025-09-12,
2025-09-13,
2025-09-14,
2025-09-15,
2025-09-16,
2025-09-17,
2025-09-18,
2025-09-19,
2025-09-20,
2025-09-21,
2025-09-22,
2025-09-23,
2025-09-24,
2025-09-25,
2025-09-26,
2025-09-27,
2025-09-28,
2025-09-29,
2025-09-30,
2025-10-01,
2025-10-02,
2025-10-03,
2025-10-04,
2025-10-05,
2025-10-06,
2025-10-07,
2025-10-08,
2025-10-09,
2025-10-10,
2025-10-11,
2025-10-12,
2025-10-13,
2025-10-14,
2025-10-15,
2025-10-16,
2025-10-17,
2025-10-18,
2025-10-19,
2025-10-20,
2025-10-21,
2025-10-22,
2025-10-23,
2025-10-24,
2025-10-25,
2025-10-26,
2025-10-27,
2025-10-28,
2025-10-29,
2025-10-30,
2025-10-31,
2025-11-01,
2025-11-02,
2025-11-03,
2025-11-04,
2025-11-05,
2025-11-06,
2025-11-07,
2025-11-08,
2025-11-09,
2025-11-10,
2025-11-11,
2025-11-12,
2025-11-13,
2025-11-14,
2025-11-15,
2025-11-16,
2025-11-17,
2025-11-18,
2025-11-19,
2025-11-20,
2025-11-21,
2025-11-22,
2025-11-23,
2025-11-24,
2025-11-25,
2025-11-26,
2025-11-27,
2025-11-28,
2025-11-29,
2025-11-30,
2025-12-01,
2025-12-02,
2025-12-03,
2025-12-04,
2025-12-05,
2025-12-06,
2025-12-07,
2025-12-08,
2025-12-09,
2025-12-10,
2025-12-11,
2025-12-12,
2025-12-13,
2025-12-14,
2025-12-15,
2025-12-16,
2025-12-17,
2025-12-18,
2025-12-19,
2025-12-20,
2025-12-21,
2025-12-22,
2025-12-23,
2025-12-24,
2025-12-25,
2025-12-26,
2025-12-27,
2025-12-28,
2025-12-29,
2025-12-30,
2025-12-31,
